-- =============================================================================
-- Migration 037 — Contenu du Code des investissements (export de la base locale)
-- Généré par scripts/export_code_contenu.sh — NE PAS éditer à la main.
-- Rejoue le contenu (chapitres/sections/articles) tel qu'édité en local.
-- =============================================================================
BEGIN;

-- Garantit la présence de la colonne 'contenu' (le modèle l'utilise mais
-- aucune migration ne l'ajoutait sur code_chapitres/code_sections). Idempotent.
ALTER TABLE code_chapitres ADD COLUMN IF NOT EXISTS contenu TEXT;
ALTER TABLE code_sections  ADD COLUMN IF NOT EXISTS contenu TEXT;

-- On repart d'une table propre pour éviter les doublons (le PDF n'est pas touché).
DELETE FROM code_articles;
DELETE FROM code_sections;
DELETE FROM code_chapitres;

-- Chapitres
COPY public.code_chapitres (id, numero, titre, created_at, updated_at, contenu) FROM stdin;
3afbc0a2-4148-4772-b61e-257799826ed6	1	Dispositions générales	2026-05-19 23:56:48.059129+00	2026-05-19 23:56:48.059129+00	\N
553f7aaf-e9c6-4539-8a0d-958bfba0287c	2	Protection de l'investisseur	2026-05-20 00:00:46.582148+00	2026-05-20 00:00:46.582148+00	\N
91e73fbc-e6fa-44bb-970e-7cb2c97f195a	3	Obligations de l'investisseur	2026-05-20 00:01:38.982136+00	2026-05-20 00:01:38.982136+00	\N
92baa576-4c13-4bf1-8f94-6292c8896cad	4	Modalités d'octroi de l'agrément	2026-05-20 00:02:14.846199+00	2026-05-20 00:02:14.846199+00	\N
78566a2d-bdc7-4f6f-954b-9e04c91a06f4	5	Avantages non fiscaux et facilités accordés à l'investisseur	2026-05-20 00:03:31.630235+00	2026-05-20 00:03:31.630235+00	\N
6cc3b5c0-f505-42f2-a746-1a5bb2869187	6	Avantages fiscaux et douaniers	2026-05-20 09:17:17.389062+00	2026-05-20 09:17:17.389062+00	\N
6e0ffcf6-81f2-4ec3-b1b2-65a8ac70d111	7	Régimes particuliers d'investissement	2026-05-20 09:19:12.922922+00	2026-05-20 09:19:12.922922+00	\N
a85e7396-4141-4f3e-8de6-78e9263fed67	8	Dispositif de suivi	2026-05-20 09:21:35.242587+00	2026-05-20 09:21:35.242587+00	\N
9b37bfc3-4153-4d47-8fae-7aa7dcc3014b	9	Gestion des griefs et règlements des différents	2026-05-20 09:22:04.327318+00	2026-05-20 09:22:04.327318+00	\N
da7d3934-f41e-488a-b9af-9ae014deba42	10	Dispositions transitoires et finales	2026-05-20 09:22:43.853941+00	2026-05-20 09:22:43.853941+00	\N
\.

-- Sections
COPY public.code_sections (id, chapitre_id, numero, titre, created_at, updated_at, contenu) FROM stdin;
07a09545-ca2d-4c4a-9a7c-3e49998e72b4	78566a2d-bdc7-4f6f-954b-9e04c91a06f4	1	Avantages non fiscaux	2026-05-20 09:14:42.738303+00	2026-05-20 09:14:42.738303+00	\N
10c44003-da66-472f-ac13-e727e7bd9017	78566a2d-bdc7-4f6f-954b-9e04c91a06f4	2	Facilités accordées à l'investisseur	2026-05-20 09:15:54.466724+00	2026-05-20 09:15:54.466724+00	\N
1625c22e-fc56-4530-b113-8f3e846e180f	6cc3b5c0-f505-42f2-a746-1a5bb2869187	1	Avantages particuliers accordés durant la phase de réalisation des investissements	2026-05-20 09:18:11.01854+00	2026-05-20 09:18:11.01854+00	\N
d55cbd69-9862-4ab0-ae82-e584e217fb62	6e0ffcf6-81f2-4ec3-b1b2-65a8ac70d111	1	Régime des investissements stratégiques	2026-05-20 09:19:32.6129+00	2026-05-20 09:19:32.6129+00	\N
4267e79e-2454-4b6f-bba2-00d06a55fa98	6e0ffcf6-81f2-4ec3-b1b2-65a8ac70d111	2	Régime de l'investissement socialement responsable	2026-05-20 09:20:08.938636+00	2026-05-20 09:20:08.938636+00	\N
0c309c38-3820-46c7-9002-3ed351b928f3	6e0ffcf6-81f2-4ec3-b1b2-65a8ac70d111	3	Avantages fiscaux et douaniers propres aux régimes particuliers d'investissement	2026-05-20 09:21:11.362668+00	2026-05-20 09:21:11.362668+00	\N
3f39b3d8-c7bd-41c3-999c-991ee161deb0	6cc3b5c0-f505-42f2-a746-1a5bb2869187	2	Avantages accordés pendant la phase d'exploitation	2026-05-20 09:18:49.66082+00	2026-05-20 09:18:49.66082+00	La phase d'exploitation débute à partir de la date de notification par l'investisseur de la première opération d'exploitation ou de production, marquant le démarrage des activités. Après cette notification, il est immédiatement délivré à l'investisseur un agrément pour la phase d'exploitation reprenant les avantages octroyés.
\.

-- Articles
COPY public.code_articles (id, chapitre_id, section_id, numero, titre, contenu, created_at, updated_at) FROM stdin;
54913c33-665e-4d03-9d12-59d2bda47445	6e0ffcf6-81f2-4ec3-b1b2-65a8ac70d111	d55cbd69-9862-4ab0-ae82-e584e217fb62	37	Éligibilité au régime des investissements stratégiques	Les investissements obéissant aux critères prévus par le présent article peuvent bénéficier du régime des investissements stratégiques.\nLes critères d'éligibilité, qui peuvent être cumulatifs ou alternatifs, portent notamment sur :\n– le montant de l'investissement ;\n– la localisation de l'investissement hors de la région de Dakar ;\n– la réalisation d'investissements dans les secteurs stratégiques définis sur la base des politiques publiques en vigueur ;\n– la réalisation d'au moins quatre-vingts pour cent (80 %) du chiffre d'affaires annuel avec des clients domiciliés hors de la CEDEAO ou de l'UEMOA et dont les paiements, libellés en devises étrangères, sont intégralement rapatriés au Sénégal ;\n– des activités d'import-substitution telles que définies par le Code des Douanes.\nSous réserve des conditions particulières prévues par le Code général des Impôts et le Code des Douanes, applicables au régime des investissements stratégiques, un arrêté du Ministre chargé des Finances peut, au besoin, compléter les modalités d'application du présent article.	2026-05-20 09:40:07.399884+00	2026-05-20 09:40:07.399884+00
0d477f84-6544-46c4-b848-d5f56d6640bb	3afbc0a2-4148-4772-b61e-257799826ed6	\N	3	Définitions	Au sens du présent Code, on entend par :&nbsp;<div><ul class="dash-list"><li><b>agrément</b> : acte délivré par le Ministre chargé des Finances qui établit que l'investisseur est agréé au Code des investissements et bénéficie de tout ou partie des avantages prévus par ce Code. Il peut être accordé pour la phase de réalisation des investissements et pour la phase d'exploitation ou de production, dans les conditions déterminées par le présent Code ;</li><li><b>agrément d'extension</b> : agrément délivré pour un investissement initié par une entreprise ayant déjà bénéficié d'un ou de plusieurs agréments, en vue de :</li><ul><li><span style="font-family: &quot;Google Sans&quot;;">l'achèvement des travaux d'investissement, sous réserve du non-démarrage de l'exploitation et de la production de justificatifs qui attestent objectivement le non bouclage des investissements dans les délais impartis ;</span></li><li><span style="font-family: &quot;Google Sans&quot;;">l'augmentation de la capacité de production globale ou de la valeur d'acquisition des actifs immobilisés à hauteur de 25% ;</span></li><li><span style="font-family: &quot;Google Sans&quot;;">la rénovation ou de l'acquisition de composantes industrielles pour les seuils et les secteurs d'activité définis par arrêté du Ministre chargé des Finances ;</span></li></ul><li><span style="font-family: &quot;Google Sans&quot;;"><b>comité d'agrément de l'économie sociale et solidaire (CAESS)&nbsp;</b>: comité prévu par décret et institué par arrêté, en application de la loi d'orientation relative à l'Economie sociale et solidaire ;</span></li><li><span style="font-family: &quot;Google Sans&quot;;"><b>comité technique chargé du suivi des investissements (CTSI)</b> : comité en charge du contrôle du respect par les investisseurs et leurs investissements des exigences légales prévues par le présent Code ;</span></li><li><span style="font-family: &quot;Google Sans&quot;;"><b>contenu local</b> : ensemble des initiatives prises en vue de promouvoir l'utilisation des biens et des services nationaux, ainsi que le développement de la participation de la main-d'œuvre, de la technologie et du capital nationaux dans les activités des investisseurs dans les secteurs de la vie économique ;</span></li><li><span style="font-family: &quot;Google Sans&quot;;"><b>contrôle de conformité</b> : vérification par les services étatiques compétents du respect par l'investisseur des lois et règlements, des procédures, des engagements et obligations liés à l'agrément et à l'investissement ;</span></li><li><span style="font-family: &quot;Google Sans&quot;;"><b>enregistrement</b> : formalité consistant pour un investisseur à saisir l'organe en charge de la promotion des investissements aux fins d'enregistrement au répertoire des investisseurs et qui donne lieu à la remise d'un récépissé ;</span></li><li><span style="font-family: &quot;Google Sans&quot;;"><b>entreprise</b> : unité de production ou de transformation de biens et services, quelle que soit sa forme juridique, qu'il s'agisse d'une entreprise individuelle ou d'une personne morale ;</span></li><li><span style="font-family: &quot;Google Sans&quot;;"><b>investissement</b> : dépense faite par un investisseur afin de se doter ou de développer une capacité de production de biens et/ou de services, de sorte à maintenir une activité substantielle sur le territoire national, en conformité avec les lois et règlements ;</span></li><li><span style="font-family: &quot;Google Sans&quot;;"><b>investisseur</b> : personne physique ou morale de nationalité sénégalaise ou étrangère réalisant, dans les conditions définies par le présent Code, des opérations d'investissements sur le territoire sénégalais ;</span></li><li><span style="font-family: &quot;Google Sans&quot;;"><b>investissement stratégique</b> : investissement portant sur des secteurs d'activités clés prévues par le présent Code ou dans les instruments de politiques publiques en vigueur, et qui peut donner lieu à un agrément délivré par le Ministre chargé des Finances ou à une convention signée entre le Ministre chargé des Finances et l'investisseur ;</span></li><li><span style="font-family: &quot;Google Sans&quot;;"><b>investissement socialement responsable (ISR)</b> : investissement qui s'inscrit, dans le cadre de son exécution, dans une démarche de participation au développement communautaire et territorial, dans le respect des principes de durabilité, d'équité et d'inclusion sociale ;</span></li><li><span style="font-family: &quot;Google Sans&quot;;"><b>législation du travail</b> : ensemble des textes législatifs et réglementaires ainsi que des dispositions des conventions collectives applicables le cas échéant, et fixant les règles juridiques régissant les relations entre employeurs et travailleurs ;\n– nouvel agrément : premier agrément au Code des Investissements délivré à une entreprise nouvellement créée ou déjà en activité ;\n– **organe en charge de la promotion des investissements** : structure chargée de la promotion et de la facilitation des investissements nationaux et étrangers ainsi que de la mise en œuvre des grands projets d'infrastructures ;\n– **petite et moyenne entreprise (PME)** : personne physique ou morale autonome, commerçante ou productrice de biens et/ou services marchands, et dont le chiffre d'affaires hors taxes annuel n'excède pas deux milliards (2.000.000.000) de FCFA, à l'exception des PME détenues directement à plus de 25 % du capital par une entreprise privée ou publique ;\n– **première opération d'exploitation ou de production** : première mise en service de tout ou partie des installations de production en vue du démarrage des activités par la commercialisation des biens et services produits ;\n– **profession libérale réglementée** : profession régie par un Ordre et dont l'exercice est soumis à une autorisation délivrée par une autorité compétente ;\n– **programme d'investissement** : ensemble de dépenses unies dans la même cohérence économique et la même finalité managériale, aux fins de doter l'entreprise d'une capacité de production ou d'augmenter celle existante ;\n– **répertoire des investisseurs** : liste des investisseurs enregistrés ou agréés au titre du présent Code ;\n– **secteur financier** : secteur économique regroupant toutes les activités se rapportant au domaine financier. Il est constitué, entre autres, d'une ou de plusieurs des entités des secteurs bancaire, des assurances, de la microfinance, de la monnaie électronique et des marchés financiers ;\n– **secteur privé** : domaine d'activités constitué d'entreprises, d'associations ou d'organisations qui ne dépendent pas directement de l'Etat, de son administration et/ou des collectivités territoriales et où les fonds publics ne sont pas ou peu investis ;\nsecteurs stratégiques : domaines d'activités comportant un avantage hautement comparatif d'ordre économique et social et dont la liste est arrêtée périodiquement par les Ministres chargés des Finances et de l'Economie ;\n– **zones aménagées pour l'investissement (ZAI)** : terrains délimités par l'Etat, une collectivité territoriale ou un partenaire privé et destinés à accueillir des investissements en fonction de leur vocation ;\n– **zone économique spéciale** : surface géographique aménagée et destinée à accueillir des investissements, tout en offrant un environnement compétitif aux affaires, conformément aux lois sur les zones économiques spéciales.</span></li></ul></div>	2026-05-20 09:25:46.908172+00	2026-05-20 09:25:46.908172+00
be2f1c9c-510c-4a6a-b331-fad8c7598f0f	da7d3934-f41e-488a-b9af-9ae014deba42	\N	54	Abrogation	La présente loi abroge et remplace la loi n° 2004-06 du 6 février 2004 portant Code des Investissements et toutes autres dispositions antérieures contraires.	2026-05-20 09:53:10.473161+00	2026-05-20 09:53:10.473161+00
489c67ed-7b6d-44ee-83df-be440d0eee59	3afbc0a2-4148-4772-b61e-257799826ed6	\N	4	Traités et accords conclus avec des Etats ou des organisations	Les dispositions du présent Code ne font pas obstacle aux avantages et garanties qui sont prévus par les traités ou accords conclus ou pouvant être conclus entre le Sénégal et d’autres Etats ou d’autres organisations.\nAu cas où l’accord international d’investissement comporte des clauses à incidences fiscales et douanières, il doit être approuvé par le Ministre chargé des Finances pour la validité des avantages fiscaux et douaniers consentis.	2026-05-20 09:26:17.264965+00	2026-05-20 09:26:17.264965+00
dd16165a-1e08-4d52-a88a-3ffa35429c8d	553f7aaf-e9c6-4539-8a0d-958bfba0287c	\N	7	Droits et libertés fondamentaux	Les lois et règlements en vigueur garantissent la liberté d'entreprendre ainsi que le droit à la propriété privée à toutes les personnes physiques ou morales résidant, même temporairement, sur le territoire national, sans distinction de nationalité.\nLes droits et libertés fondamentaux sont également préservées.	2026-05-20 09:27:15.312187+00	2026-05-20 09:27:15.312187+00
9cceeac5-38b8-4317-8388-bc96d54c531c	553f7aaf-e9c6-4539-8a0d-958bfba0287c	\N	12	Garantie de convertibilité et d'accès aux devises	Sous réserve du respect de la réglementation communautaire en vigueur, il est garanti à tout investisseur la libre convertibilité du Franc CFA.\nEn outre, l'investisseur ne subira aucune restriction pour s'approvisionner en devises nécessaires à ses opérations, sauf cas de force majeure entraînant des mesures générales de limitation de la circulation des devises, décidées par les Autorités compétentes.	2026-05-20 09:28:58.022483+00	2026-05-20 09:28:58.022483+00
60b68c7a-a2f1-4b26-bf0b-79c15fd766e9	91e73fbc-e6fa-44bb-970e-7cb2c97f195a	\N	16	Conformité avec le droit national et international	Les investisseurs réalisent et mènent leurs opérations d'investissement dans le respect des lois et règlements en vigueur au Sénégal, du droit communautaire ainsi que du droit international applicables.	2026-05-20 09:30:35.838441+00	2026-05-20 09:30:35.838441+00
409b8b4f-140e-49ea-a848-8af3cc1d4e63	92baa576-4c13-4bf1-8f94-6292c8896cad	\N	23	Retrait de l'agrément	Le manquement par l'investisseur à tout ou partie de ses obligations peut entrainer la suspension des avantages particuliers dont il a bénéficié, puis le retrait de l'agrément, dans les conditions prévues par le présent Code.	2026-05-20 09:33:04.434678+00	2026-05-20 09:33:04.434678+00
520afd68-4dc3-498d-872b-8745b23ff8e5	78566a2d-bdc7-4f6f-954b-9e04c91a06f4	07a09545-ca2d-4c4a-9a7c-3e49998e72b4	24	Accès au financement pour la formation du personnel	Les entreprises enregistrées au répertoire des investisseurs peuvent bénéficier d'un appui à la formation initiale ainsi qu'aux actions de formation continue de leur personnel.\nLes modalités d'application des dispositions du présent article sont précisées par décret.	2026-05-20 09:33:39.136543+00	2026-05-20 09:33:39.136543+00
3209aeb0-97ca-4971-9046-bd4d6397df05	78566a2d-bdc7-4f6f-954b-9e04c91a06f4	10c44003-da66-472f-ac13-e727e7bd9017	27	Accompagnement pour l'obtention des titres d'entrée et de séjour	L'organe en charge de la promotion des investissements prend toutes les mesures pour faciliter la délivrance à l'investisseur des visas d'entrée et de séjour au Sénégal, en rapport notamment avec les services compétents du Ministère en charge de l'Intérieur et du Ministère en charge des Affaires étrangères.	2026-05-20 09:34:59.334732+00	2026-05-20 09:34:59.334732+00
18324ee1-dda0-47b6-ade7-940691344063	78566a2d-bdc7-4f6f-954b-9e04c91a06f4	10c44003-da66-472f-ac13-e727e7bd9017	30	Création de zones aménagées pour l'investissement (ZAI)	L'État, les collectivités territoriales ou les partenaires privés peuvent créer des zones aménagées pour investissement.\nTout investisseur porteur d'un projet d'investissement répondant aux critères fixés par la réglementation en vigueur peut, avec la facilitation de l'organe en charge de la promotion des investissements, solliciter l'affectation de terrains sous forme de bail emphytéotique en vue de créer une zone aménagée pour l'investissement (ZAI).	2026-05-20 09:36:20.615221+00	2026-05-20 09:36:20.615221+00
8981636a-bb28-4201-af2d-15b82ac56dc1	6cc3b5c0-f505-42f2-a746-1a5bb2869187	3f39b3d8-c7bd-41c3-999c-991ee161deb0	36	Avantages fiscaux	Pendant la phase d'exploitation, l'investisseur bénéficie d'un crédit d'impôt pour investissement.\nLe régime du crédit d'impôt pour investissement et celui des autres avantages fiscaux accordés à l'investisseur pendant la phase d'exploitation dans le cadre d'un nouvel agrément ou d'une extension sont déterminés par le Code général des Impôts.	2026-05-20 09:39:25.100099+00	2026-05-20 09:39:25.100099+00
abac5e33-d2a2-4e16-8b1d-6abf10e0cbae	da7d3934-f41e-488a-b9af-9ae014deba42	\N	53	Modalités d'application de la loi	Les modalités d'application du présent Code sont fixées par voie règlementaire.	2026-05-20 09:51:22.003901+00	2026-05-20 09:51:22.003901+00
135a408f-bd78-4016-96e9-1a9498e7d876	9b37bfc3-4153-4d47-8fae-7aa7dcc3014b	\N	50	Prévention des différends	L'organe en charge de la promotion des investissements et le CSTI mettent en œuvre, chacun en ce qui le concerne, les actions nécessaires à la prévention des différends, notamment en recevant les griefs des investisseurs susceptibles de générer des conflits entre ces derniers et les administrations publiques.\nDans ce cadre d'intervention, l'organe en charge de la promotion des investissements ou le CTSI peut proposer au Ministre chargé des Finances des mesures permettant d'atténuer ou de résoudre les griefs remontés.	2026-05-20 09:50:02.178241+00	2026-05-20 09:50:02.178241+00
fbad5b21-ae93-4412-9343-4291121aef5d	a85e7396-4141-4f3e-8de6-78e9263fed67	\N	47	Comité technique de suivi des investissements	Le Comité technique de suivi des investissements (CTSI) est mis en place sous l'autorité du Ministre chargé des Finances.\nLe CTSI veille à l'application conforme des procédures et modalités d'octroi des avantages fiscaux et douaniers et contrôle le respect par les investisseurs de leurs obligations et engagements.\nLes modalités d'organisation et de fonctionnement du CTSI sont précisées par arrêté du Ministre chargé des Finances.	2026-05-20 09:49:08.676758+00	2026-05-20 09:49:08.676758+00
16a059fa-571f-4993-a829-36b8a1ec8802	3afbc0a2-4148-4772-b61e-257799826ed6	\N	1	Objet	La présente loi fixe les règles qui régissent la promotion, la facilitation et la protection de l’investissement privé pour favoriser le développement économique, social et durable au Sénégal.\nElle définit les avantages et garanties accordés au titre des investissements, ainsi que les engagements et obligations qui en découlent.	2026-05-19 23:57:44.366187+00	2026-05-19 23:57:44.366187+00
0a7372cc-c1bb-4640-8fa7-0d23c58649f6	3afbc0a2-4148-4772-b61e-257799826ed6	\N	5	Droit de réglementer	L’Etat a le droit de réglementer, notamment de prendre des mesures pour faire en sorte que les investissements sur son territoire soient compatibles avec les objectifs et les principes du développement durable, ainsi qu’avec d’autres objectifs légitimes de politique économique, sociale, environnementale et sanitaire, outre les intérêts essentiels de sécurité.\nLes mesures prises pour se conformer aux obligations internationales du Sénégal en vertu de traités internationaux pertinents ne constituent pas une violation de la présente loi.\nL’exercice du droit de réglementer conformément aux alinéas 1 et 2 du présent article ne peut donner lieu à une demande d’indemnisation de la part d’un investisseur.	2026-05-20 09:26:33.117257+00	2026-05-20 09:26:33.117257+00
da657ec8-5945-44ef-9631-122a9b3c5962	6e0ffcf6-81f2-4ec3-b1b2-65a8ac70d111	4267e79e-2454-4b6f-bba2-00d06a55fa98	42	Condition d'obtention de l'agrément d'investissement socialement responsable	Tout investisseur qui le souhaite peut obtenir l'agrément d'investissement socialement responsable sous réserve de s'engager auprès de la collectivité territoriale de son lieu d'implantation à réaliser des investissements à caractère économique et social au bénéfice des populations et dans le cadre des principes de durabilité, d'équité et d'inclusion sociale.\nTout investisseur qui bénéficie d'une attribution foncière dans une zone aménagée pour investissement doit obligatoirement souscrire à l'agrément d'investissement socialement responsable.\nUne fois octroyé, l'investisseur est tenu de se conformer aux exigences liées à cet agrément.\nLe non-respect des engagements pris par ledit investisseur dans le cadre de son agrément d'investissement socialement responsable peut entrainer la suspension ou le retrait de l'agrément et la résiliation de son titre d'occupation foncière.	2026-05-20 09:43:36.128841+00	2026-05-20 09:43:36.128841+00
f5a456d3-e310-46b8-9993-e84533f0e4d9	6e0ffcf6-81f2-4ec3-b1b2-65a8ac70d111	d55cbd69-9862-4ab0-ae82-e584e217fb62	40	Obligations liées au bénéfice du régime des investissements stratégiques	Tout investisseur bénéficiaire du régime des investissements stratégiques prévu par le présent Code est tenu de satisfaire aux obligations suivantes :\n– informer le CTSI sur le niveau de réalisation du projet d'investissement au plus tard à la fin de chaque année fiscale ;\n– transmettre au CTSI, au plus tard le 31 décembre de chaque année, un rapport dans lequel doivent figurer toutes les informations pouvant permettre de vérifier si l'entreprise a respecté ses engagements et obligations au cours de l'année. Les entreprises agréées depuis moins de trois (03) mois à la date du 31 décembre ne sont pas soumises à cette obligation ;\n– se soumettre au contrôle de conformité de l'activité par le CTSI ;\n– faire parvenir au CTSI, une copie des informations à caractère statistique que toute entreprise est légalement tenue d'adresser aux services statistiques nationaux ;\n– tenir une comptabilité de l'entreprise conformément au plan comptable en vigueur au Sénégal.	2026-05-20 09:42:18.91771+00	2026-05-20 09:42:18.91771+00
a4d95012-61fd-446f-a4a7-dfa9e396b5bd	6e0ffcf6-81f2-4ec3-b1b2-65a8ac70d111	d55cbd69-9862-4ab0-ae82-e584e217fb62	38	Agrément au régime des investissements stratégiques	Pour obtenir l'agrément au régime des investissements stratégiques, l'investisseur adresse au Ministre chargé des Finances par l'entremise de l'organe en charge de la promotion des investissements, une demande accompagnée d'un programme d'investissement. L'octroi de l'agrément est matérialisé par la signature d'une convention entre le Ministre chargé des Finances et l'investisseur porteur du projet.\nLadite convention mentionne, notamment :\n**1.** la nature, le montant, la durée ainsi que les modalités d'exécution de l'investissement envisagé ;\n**2.** les avantages auxquels l'investisseur a droit du fait de cet investissement ;\n**3.** l'engagement pris par l'investisseur de réaliser l'investissement en respectant les éléments prévus au point 1 ci-dessus et d'accomplir toutes les obligations découlant de la convention ;\n**4.** les sanctions en cas de non-respect des engagements et obligations ;\n**5.** toute autre information significative propre à l'investissement à agréer.\nLe bénéfice de l'agrément au régime des investissements stratégiques est assujetti à la justification de l'existence et de l'origine des fonds destinés à financer le projet à agréer.\nLes investissements envisagés prennent en charge les aspects liés à la politique du contenu local, à la sous-traitance et au transfert de technologie.\nLes modalités d'application de cette disposition sont déterminées par arrêté du Ministre chargé des Finances.	2026-05-20 09:40:54.945111+00	2026-05-20 09:40:54.945111+00
868a097b-41c8-4f82-bf16-f00d66ab93cb	553f7aaf-e9c6-4539-8a0d-958bfba0287c	\N	6	Egalité de traitement	Il est garanti une égalité de traitement entre l'investisseur national et l'investisseur étranger dans des circonstances analogues.\nToutefois, l'Etat se réserve le droit dans des circonstances financières, économiques ou industrielles particulières d'adopter des mesures exceptionnelles d'exclusion des investisseurs nationaux ou étrangers de certains secteurs jugés stratégiques.	2026-05-20 09:26:55.430038+00	2026-05-20 09:26:55.430038+00
add30b70-2b58-4450-9846-27398334db20	553f7aaf-e9c6-4539-8a0d-958bfba0287c	\N	8	Traitement administratif et judiciaire	L'Etat garantit que les investissements et les investisseurs ne fassent pas l'objet d'un traitement qui constituerait, à titre exclusif, un déni manifeste ou un traitement abusif dans les procédures administratives ou judiciaires.\nCependant, ces garanties ne doivent pas être interprétées comme équivalent à un traitement juste et équitable. Elles incluent la norme minimale de traitement en vertu du droit international coutumier et ne permettent pas une interprétation ou une application de cette norme au-delà des éléments contenus dans l'alinéa premier du présent article.	2026-05-20 09:27:32.272461+00	2026-05-20 09:27:32.272461+00
10a19ec3-a224-4eb4-b12d-e6060da62888	553f7aaf-e9c6-4539-8a0d-958bfba0287c	\N	9	Libertés spécifiques de l'investisseur	Sous réserve du respect des lois et règlements en vigueur, l'investisseur jouit sur le territoire national d'une pleine et entière liberté, notamment pour :\n– acquérir ou louer des biens et droits de toute nature, nécessaires à son activité ;\n– disposer comme il l'entend de tout bien ou droit lui appartenant ;\n– faire partie de toute organisation professionnelle de son choix ;\n– se doter de l'organisation qu'il souhaite et choisir ses modes de gestion technique, industrielle, commerciale, juridique, sociale et financière, sous réserve du respect des conventions collectives dans la branche considérée ;\n– choisir ses fournisseurs et prestataires de services, ainsi que ses partenaires, notamment les partenaires commerciaux et financiers ;\n– soumissionner à la commande publique ;\n– mettre en place la politique de gestion des ressources humaines qui lui paraît appropriée et recruter tout personnel de son choix, y compris hors du Sénégal.	2026-05-20 09:27:51.446322+00	2026-05-20 09:27:51.446322+00
a515eea9-e92f-4cac-9488-51723f0acd70	553f7aaf-e9c6-4539-8a0d-958bfba0287c	\N	10	Garantie contre les mesures alinéatrices de la propriété	Il est garanti à l'investisseur la protection contre toute mesure de nationalisation ou d'expropriation, directement ou indirectement, sauf pour cause d'utilité publique et sous réserve du respect des procédures prévues par les textes en vigueur et moyennant une juste et préalable indemnité compensatrice.	2026-05-20 09:28:15.812608+00	2026-05-20 09:28:15.812608+00
8e5d6dad-4370-435f-a330-4f95ccf7f0ad	553f7aaf-e9c6-4539-8a0d-958bfba0287c	\N	11	Garantie de transfert de capitaux à l'étranger	Il est garanti à l'investisseur étranger la liberté de transférer dans son pays d'origine ou tout autre pays de son choix, les revenus, dividendes et produits de toute nature résultant de son exploitation, dans les conditions prévues par la réglementation des relations financières extérieures des Etats membres de l'Union économique et monétaire ouest-africaine (UEMOA).\nLa même garantie s'applique au personnel étranger de l'entreprise, qui jouira de la liberté de transférer tout ou partie de sa rémunération dans son pays d'origine.	2026-05-20 09:28:36.894292+00	2026-05-20 09:28:36.894292+00
1923d5f7-ce46-4a4c-b13f-5dc19d1af425	553f7aaf-e9c6-4539-8a0d-958bfba0287c	\N	13	Garanties d'accès aux matières premières	L'investisseur a libre accès aux matières premières de toutes natures produites au Sénégal, sauf cas de motif impérieux d'intérêt public entraînant une mesure générale de restriction, non fondée sur la nationalité.\nLa liberté d'accès aux matières premières est subordonnée à l'application par l'investisseur concerné, d'une politique d'achat garantissant aux producteurs une juste rémunération. En cas de nécessité, l'Etat prend toutes les dispositions nécessaires pour garantir un équilibre entre les intérêts des producteurs et ceux des acquéreurs de matières premières.	2026-05-20 09:29:20.398557+00	2026-05-20 09:29:20.398557+00
1e579a41-e6e8-409e-97c9-858b6ffb203a	91e73fbc-e6fa-44bb-970e-7cb2c97f195a	\N	14	Engagements de l'investisseur titulaire d'un agrément	Outre les autres obligations générales prévues par le présent Code, tout investisseur bénéficiaire d'un agrément au présent Code est tenu de satisfaire aux obligations suivantes :\n– à la fin de chaque année, informer l'organe chargé de la promotion des investissements et le Ministère chargé des Finances du niveau de réalisation du projet ;\n– déclarer à l'organe chargé de la promotion des investissements et au Ministère chargé des Finances, la date de démarrage de l'exploitation et déposer auprès desdits services le récapitulatif des investissements réalisés ;\n– se soumettre aux contrôles de conformité des administrations compétentes ;\n– faire parvenir à l'organe chargé de la promotion des Investissements et au Ministère chargé des Finances, les informations à caractère statistique que toute entreprise est légalement tenue d'adresser aux services statistiques nationaux ;\n– tenir la comptabilité de l'entreprise conformément au système comptable de l'Organisation pour l'Harmonisation du Droit des Affaires en Afrique (SYSCOHADA).	2026-05-20 09:29:57.528367+00	2026-05-20 09:29:57.528367+00
9497da92-d387-4da5-9f43-00eaf5acdb83	91e73fbc-e6fa-44bb-970e-7cb2c97f195a	\N	15	Enregistrement de l'investissement	Tout investissement supérieur ou égal à quinze (15) millions de francs CFA est enregistré auprès de l'organe en charge de la promotion des investissements en indiquant le nom et le siège de l'entreprise, le montant de l'investissement, la structure du capital et le nombre d'emplois à créer. Ces informations sont enregistrées dans le répertoire des investisseurs tenu par ledit organe et mises à jour chaque année.\nPour les investissements de moins de quinze (15) millions de francs CFA, l'investisseur a la faculté de décider de les enregistrer.\nL'enregistrement au répertoire des investisseurs donne droit aux avantages non-fiscaux et aux facilités prévus par le présent Code.\nIl s'effectue suivant un formulaire-type mis à la disposition des investisseurs par l'organe chargé de la promotion des investissements.	2026-05-20 09:30:14.348498+00	2026-05-20 09:30:14.348498+00
02177939-9546-4be5-8fbe-f75d3680e8b5	91e73fbc-e6fa-44bb-970e-7cb2c97f195a	\N	17	Protection de l'environnement	L'investisseur est solidaire avec son investissement et s'engage à répondre pleinement de toute obligation préventive et de toute conséquence découlant dudit investissement sur l'environnement.\nA ce titre, l'investisseur préserve l'environnement en veillant, en particulier, à :\n– respecter le droit à un environnement propre, sain et durable, conformément à la Charte africaine des Droits de l'Homme et des Peuples et à la Résolution de l'Assemblée générale des Nations unies A/RES/76/300 « Droit à un environnement propre, sain et durable » ;\n– se conformer aux principes de prévention et de précaution dans la conduite des activités afin d'anticiper et de prévenir tout risque de dommage significatif à l'environnement ;\n– se conformer aux dispositions législatives et règlementaires relatives à la gestion des ressources naturelles et à la protection de l'environnement, notamment celles portant sur les évaluations environnementales, les changements climatiques et la lutte contre les pollutions et nuisances.	2026-05-20 09:30:49.836103+00	2026-05-20 09:30:49.836103+00
f04f256c-50aa-4e68-adcb-5f937fb176db	6e0ffcf6-81f2-4ec3-b1b2-65a8ac70d111	d55cbd69-9862-4ab0-ae82-e584e217fb62	41	Obligations liées à l'arrêt des activités et au non-respect des engagements	Toute entreprise ayant bénéficié du régime des investissements stratégiques, qui cesse d'exercer ses activités pendant une période de six (06) mois ou à la fin de la phase d'investissement, sera tenue de rembourser les montants des impôts non acquittés du fait de ce régime, si la cessation des activités résulte de manœuvres frauduleuses, sans préjudice des éventuelles poursuites judiciaires encourues. Il en va de même si avant la fin de la phase d'investissement, les manœuvres frauduleuses sont constatées par les services compétents.\nEn cas d'arrêt exceptionnel des activités d'une entreprise bénéficiaire du régime des investissements stratégiques, pour des raisons de force majeure, celle-ci peut demander la suspension du régime des investissements stratégiques pour une période qui ne saurait excéder un (1) an. La date d'expiration du régime des investissements stratégiques est modifiée en conséquence.	2026-05-20 09:42:57.594376+00	2026-05-20 09:42:57.594376+00
c0a07387-63f0-42b1-8808-c395de4837a4	6e0ffcf6-81f2-4ec3-b1b2-65a8ac70d111	d55cbd69-9862-4ab0-ae82-e584e217fb62	39	Obligations liées à la demande du régime des investissements stratégiques	Les personnes physiques ou morales qui sollicitent le bénéfice du régime des investissements stratégiques s'obligent à :\n– employer en priorité les compétences nationales disponibles sur le marché du travail ;\n– utiliser en priorité les matériaux, matières premières, produits et services d'origine sénégalaise ;\n– se conformer aux normes de qualité nationales ou internationales applicables aux produits et services résultant de leur activité ou dans le cadre de leur activité ;\n– fournir toutes les informations devant permettre de contrôler le respect des conditions de l'octroi des bénéfices du régime privilégié ;\n– s'acquitter conformément au Code des Douanes, des droits et taxes sur la valeur résiduelle des équipements, matériels, matériaux et outillages acquis en exonération ou en suspension de droits et taxes dans le cadre d'un agrément au présent Code, en cas de cession de ceux-ci, sauf lorsqu'il s'agit d'une cession sous douane ;\n– s'acquitter des frais de dossier dont le montant et les modalités de paiement sont définies par arrêté conjoint du Ministre chargé des Finances et du Ministre chargé de l'Économie ;\n– veiller à ce que l'investissement porte obligatoirement sur des actifs corporels ou incorporels ayant vocation à séjourner durablement dans l'entreprise et inscrits dans sa comptabilité parmi les immobilisations ;\n– modifier les propriétés intrinsèques de l'investissement portant sur les immobilisations inscrits au bilan de l'entreprise afin d'augmenter sa valeur comptable d'au moins cinquante pour cent (50 %) pour être éligible aux dispositions du présent Code ;\n– favoriser la conclusion de joint-ventures avec des entreprises dont le capital est détenu à 100% par des nationaux ;\n– promouvoir l'ouverture du capital social de la société à des nationaux ;\n– prévoir des mécanismes clairs permettant de réaliser le transfert de technologies et de compétences aux nationaux.	2026-05-20 09:41:33.37336+00	2026-05-20 09:41:33.37336+00
36e07c4f-f08b-4153-a31b-667bf7c925a9	91e73fbc-e6fa-44bb-970e-7cb2c97f195a	\N	18	Ethique des affaires et normes du travail	L'investisseur s'engage à se conformer aux normes les plus élevées en matière d'éthique des affaires et de normes du travail, en particulier :\n– le respect des normes de l'Organisation internationale du travail (OIT), notamment la Déclaration de l'OIT relative aux principes et droits fondamentaux au travail, et celles découlant de la législation nationale du travail ;\n– le non-recours au travail des enfants en violation de la législation du travail ;\n– l'élimination de toute discrimination en matière d'emploi et de profession ;\n– l'observation des pratiques équitables en matière de commerce, de marketing et de publicité dans ses relations avec les consommateurs et la garantie de la sécurité et de la qualité des biens et services fournis.\nLes pratiques faussant le jeu de la concurrence sont proscrites par la loi.\nIl est interdit tout acte de corruption, de concussion ou toute pratique assimilée, sous peine des sanctions prévues par les lois et règlements en vigueur.\nLes fonds utilisés pour réaliser des investissements à l'échelle nationale ne peuvent provenir d'activités illicites et notamment résulter d'opérations de blanchiment de capitaux ou de financement du terrorisme.	2026-05-20 09:31:10.407122+00	2026-05-20 09:31:10.407122+00
dd521866-fb90-4044-963c-6f18af3dbc56	91e73fbc-e6fa-44bb-970e-7cb2c97f195a	\N	19	Responsabilité sociétale des entreprises	L'investisseur est responsable de toute conséquence résultant de son investissement.\nA ce titre, l'investisseur s'efforce d'atteindre le plus haut niveau possible de contribution au développement durable du Sénégal et de la communauté locale par l'adoption de pratiques socialement responsables.\nL'investisseur s'engage à :\n– stimuler le progrès économique, social et environnemental, en vue de parvenir à un développement durable ;\n– encourager le renforcement des capacités locales par une coopération étroite avec la communauté locale ;\n– favoriser le partage des avantages découlant d'un investissement avec les communautés locales concernées, sur la base de conditions convenues de commun accord afin de contribuer au mieux au bien-être local ;\n– encourager le développement du capital humain, notamment en créant des opportunités d'emploi et en facilitant l'accès des travailleurs à la formation professionnelle ;\n– promouvoir l'égalité des sexes et l'inclusion dans ses activités ;\n– développer et appliquer des pratiques d'autorégulation et des systèmes de gestion efficaces qui favorisent une relation de confiance mutuelle entre les entreprises et la communauté dans laquelle les opérations sont menées ;\n– promouvoir la connaissance par les travailleurs des politiques de l'entreprise, par leur diffusion et la mise en œuvre de programmes de formation initiale et continue ;\n– encourager les associés, y compris les prestataires de services et les sous-traitants, à appliquer les principes de responsabilité sociétale des entreprises prévus dans le présent article.	2026-05-20 09:31:32.160314+00	2026-05-20 09:31:32.160314+00
0149aa11-62a1-47b2-81ca-1c9019ae3ea7	92baa576-4c13-4bf1-8f94-6292c8896cad	\N	20	L'instruction des dossiers liés au Code des investissements	**→ Dossier de demande d'agrément**\nTout investisseur, désirant bénéficier des avantages particuliers prévus par le présent Code, doit déposer un dossier de demande d'agrément auprès de l'organe en charge de la promotion des investissements ou de l'autorité compétente désignée à cet effet.\nLe dossier est déposé en version électronique et/ou physique, ou en version électronique unique, dans les conditions fixées par décret.\nLa demande d'agrément est instruite par l'organe en charge de la promotion des investissements et transmise au Ministre chargé des Finances pour décision.\nLe dossier comporte obligatoirement des renseignements précis sur l'investisseur et sur l'investissement, notamment sa nature, son montant ainsi que toute information nécessaire à la délivrance de l'agrément et à son suivi.\nEn cas de demande d'agrément d'extension, l'entreprise doit obligatoirement produire en sus du dossier spécifié, un quitus fiscal, un quitus douanier et une attestation de la Direction en charge du travail prouvant que l'investisseur a respecté ses engagements en matière sociale, particulièrement en termes de création d'emplois.\n**→ Dossier de demande d'approbation des listes de matériels**\nAprès délivrance de l'agrément, des listes reprenant les biens et services à acquérir pour la réalisation du programme agréé sont soumises au Ministre chargé des Finances pour approbation.\nLe traitement des demandes d'approbation de listes de matériels obéit à la même procédure que celle de la demande d'agrément.\nLes listes doivent différencier de façon claire les biens ou services à importer de ceux à acquérir à partir du marché intérieur et indiquer les montants correspondant à la fiscalité à laquelle l'Etat a renoncé au profit de l'investisseur.\nLes listes de matériels reprennent des biens ou services ayant un lien direct avec l'activité agréée. Elles précisent la nature des avantages fiscaux et douaniers accordés, selon que les biens ou services sont importés ou acquis localement.\nLes biens produits localement et déterminés par arrêté conjoint du Ministre chargé des Finances et de celui en charge de l'Industrie, ne bénéficient pas à l'importation des avantages fiscaux et douaniers prévus par le présent Code.	2026-05-20 09:32:07.32775+00	2026-05-20 09:32:07.32775+00
4f75eee5-6e9f-42c5-b173-02858ecd8c0c	92baa576-4c13-4bf1-8f94-6292c8896cad	\N	21	Délivrance de l'agrément et des listes	Il est délivré à l'investisseur un agrément pour la phase de réalisation des investissements.\nAprès la notification par l'investisseur du démarrage de l'exploitation ou de la production, il lui est délivré un agrément pour la phase d'exploitation.\nChaque agrément reprend les types d'avantages consentis à l'investisseur.\nLa réponse à la demande d'agrément ou d'approbation de listes est communiquée à l'investisseur, dans un délai de dix (10) jours ouvrables, à compter de la date de dépôt et sous réserve de la présentation d'un dossier complet.\nL'agrément et les listes sont écrits, nominatifs, datés et signés par le Ministre chargé des Finances. L'agrément est également circonstancié, complet et précis en indiquant notamment les types d'avantages octroyés.\nLe refus de délivrance de l'agrément ou des listes est écrit et motivé.	2026-05-20 09:32:31.440467+00	2026-05-20 09:32:31.440467+00
4b11242f-6fc3-47d8-8b3a-43983de83832	92baa576-4c13-4bf1-8f94-6292c8896cad	\N	22	Durée de l'agrément et des listes	La durée du premier agrément accordé à une entreprise nouvelle ou déjà existante est de trois (03) ans, à compter de la date de signature, pour les investissements à réaliser dans les régions de Dakar et Thiès. Cette durée peut être portée à cinq (05) ans lorsque les investissements sont réalisés dans les régions autres que Dakar et Thiès.\nLes avantages fiscaux et douaniers attachés à cet agrément prennent fin au terme des délais de trois (03) ans ou de cinq (05) ans selon le type d'agrément ou dès la notification de la première opération d'exploitation ou de production quelle que soit la nature de l'agrément.\nLes modalités d'application des alinéas 1 et 2 du présent article sont fixées par décret.\nL'octroi d'un agrément d'extension est subordonné à la satisfaction des obligations découlant de l'agrément précédent.\nLa durée de validité des listes de matériels suit celle de l'agrément auquel elles se rapportent.	2026-05-20 09:32:46.146671+00	2026-05-20 09:32:46.146671+00
5f20efba-23a1-4704-ba0c-b95486633ee1	78566a2d-bdc7-4f6f-954b-9e04c91a06f4	07a09545-ca2d-4c4a-9a7c-3e49998e72b4	25	Avantages sociaux	A compter de la date d'octroi de l'agrément pour la phase d'exploitation, les travailleurs recrutés par les entreprises agréées sont assimilés aux travailleurs engagés en complément d'effectif pour exécuter des travaux nés d'un surcroît d'activités au sens de la législation du travail.\nLesdites entreprises peuvent, dans la limite d'une durée de cinq (05) ans à compter de la date de l'agrément d'exploitation, conclure ou prolonger des contrats de travail à durée déterminée avec les travailleurs recrutés pour des activités liées à l'agrément.\nL'avantage prévu à l'alinéa 2 du présent article ne peut faire l'objet de renouvellement.	2026-05-20 09:33:54.957241+00	2026-05-20 09:33:54.957241+00
ce9d3ef8-3411-46cf-9eca-2530451a42e4	6e0ffcf6-81f2-4ec3-b1b2-65a8ac70d111	0c309c38-3820-46c7-9002-3ed351b928f3	45	Champ des avantages	Les investisseurs agréés aux régimes particuliers d'investissement définis par le présent Code bénéficient :\n– des avantages non fiscaux et facilités prévus par la présente loi ;\n– des avantages fiscaux et douaniers prévus par le présent Code ;\n– d'avantages fiscaux et douaniers spécifiques prévus par le Code général des Impôts et/ou le Code des Douanes.	2026-05-20 09:45:13.510338+00	2026-05-20 09:45:13.510338+00
95005d09-d1f9-4a20-bd65-feacb6f20ca7	78566a2d-bdc7-4f6f-954b-9e04c91a06f4	10c44003-da66-472f-ac13-e727e7bd9017	26	Démarches administratives	Tout investisseur peut, pour toute procédure administrative devant être réalisée auprès d'un service de l'Etat, d'une collectivité territoriale ou d'un établissement public, dans le cadre d'un projet d'investissement, saisir l'organe en charge de la promotion des investissements pour bénéficier de son accompagnement en vue de l'accomplissement des formalités nécessaires à la réalisation de son projet d'investissement.\nA cet effet, l'organe en charge de la promotion des investissements met en place un service dédié au suivi rapproché des investisseurs.\nL'organe en charge de la promotion des investissements soumet au comité technique de suivi des investissements (CTSI) prévu à l'article 47 du présent Code un rapport annuel d'activités faisant ressortir, notamment, les difficultés rencontrées par les investisseurs, les solutions apportées et des recommandations.	2026-05-20 09:34:15.34124+00	2026-05-20 09:34:15.34124+00
8d48c578-225d-4936-b16a-f399882ce8e3	78566a2d-bdc7-4f6f-954b-9e04c91a06f4	10c44003-da66-472f-ac13-e727e7bd9017	28	Accès au foncier	Tout investisseur est libre, conformément aux textes législatifs et réglementaires en vigueur, d'acquérir les droits de propriété foncière nécessaires à l'exercice de tout ou partie des activités de son entreprise auprès de personnes publiques ou privées possédant des droits de propriété ou tout autre droit réel immobilier.\nLorsque le terrain visé par un investisseur relève du domaine national ou du domaine de l'Etat, l'investisseur peut saisir l'organe en charge de la promotion des investissements, pour la facilitation de la procédure d'acquisition, d'affectation ou d'immatriculation, suivant les lois et règlements en vigueur et en rapport avec les services compétents.\nTout investisseur porteur d'un projet d'investissement remplissant les exigences prévues par la règlementation applicable, peut solliciter de l'organe en charge de la promotion des investissements toute l'assistance possible en vue d'obtenir le foncier nécessaire à la réalisation de son projet d'investissement. Le cas échéant, l'organe en charge de la promotion des investissements accomplit auprès des services compétents les démarches administratives nécessaires.\nLe traitement des demandes d'accès au foncier introduites dans ce cadre et pour le compte de l'investisseur, fait l'objet d'une procédure spéciale d'instruction par les administrations compétentes, dans les conditions et modalités précisées par décret.	2026-05-20 09:35:13.598961+00	2026-05-20 09:35:13.598961+00
90f66330-1dd6-4f07-8927-a9ccf2d57f21	6cc3b5c0-f505-42f2-a746-1a5bb2869187	1625c22e-fc56-4530-b113-8f3e846e180f	32	Durée de la phase d'investissement	La durée de la phase de réalisation des investissements est de trois (03) ans pour les investissements à réaliser dans les régions de Dakar et Thiès.\nElle peut être portée à cinq (05) ans lorsque les investissements sont réalisés en dehors des régions de Dakar et de Thiès.\nDans tous les cas, elle ne s'étend pas au-delà de la première opération d'exploitation ou de production.	2026-05-20 09:37:38.859034+00	2026-05-20 09:37:38.859034+00
9cf8156a-972b-4aae-81d5-1d57585c83c5	6cc3b5c0-f505-42f2-a746-1a5bb2869187	1625c22e-fc56-4530-b113-8f3e846e180f	34	Nature et portée des avantages fiscaux et douaniers	Pendant la période de réalisation des investissements et dans les conditions prévues respectivement par le Code général des Impôts et le Code des Douanes, il est accordé à l'investisseur les avantages fiscaux et douaniers ci-après :\n– la suspension de la Taxe sur la Valeur ajoutée (TVA) se rapportant aux acquisitions locales de biens, services et travaux destinés à la réalisation de la phase d'investissement du projet et facturées par les fournisseurs locaux ;\n– la suspension de la Taxe sur la Valeur ajoutée à l'importation sur les matériels, matériaux et équipements de production strictement destinés à la réalisation de la phase d'investissement du projet ;\n– l'exonération du droit de douane sur les matériels, matériaux et équipements de production strictement destinés à la réalisation de la phase d'investissement du projet.\nLa TVA suspendue sur les acquisitions locales et les importations de services et de biens fait l'objet de remboursement étalé sur une période de douze (12) mois à compter du démarrage de l'exploitation notifié ou constaté, pour les investissements réalisés à Dakar ou Thiès.\nLe remboursement est échelonné sur 24 mois pour les investissements réalisés en dehors des régions de Dakar et Thiès.\nPour les entreprises qui, malgré le démarrage de l'exploitation, rencontrent des contraintes les empêchant de rembourser la TVA suspendue dans les délais ci-avant prévus, il peut être accordé un moratoire de paiement plus élargi, par arrêté du Ministre chargé des Finances, dans les conditions fixées par décret.\nLe bénéfice d'un agrément d'extension est assujetti au paiement de la TVA découlant de l'agrément précédent, sauf dans le cas d'une extension pour achèvement.	2026-05-20 09:38:36.893396+00	2026-05-20 09:38:36.893396+00
673556ff-2c18-44f6-9cf8-fb287c7173a7	3afbc0a2-4148-4772-b61e-257799826ed6	\N	2	Champ d'application	La présente loi régit les investissements privés sur toute l’étendue du territoire national, qu’ils soient domestiques ou étrangers, sous réserve des dispositions prévues pour des secteurs d’activités spécifiques ou des régimes particuliers.\nA ce titre, sont notamment exclus du champ d’application du présent Code :<div><ul class="dash-list"><li>les opérations d’achat et de revente en l’état de produits ;</li><li>les activités régies par des régimes spécifiques ou par des codes sectoriels, notamment les codes minier et pétrolier ;</li><li>les matériels élus à des régimes douaniers spécifiques, dans les conditions fixées par voie règlementaire ;</li><li>la construction de bâtiments à usage d’habitation ou de bureaux ;</li><li>les activités du secteur financier ;</li><li>les activités du secteur des télécommunications faisant l’objet de régulation, à l’exception des programmes d’inclusion pour un accès universel initiés par le Gouvernement ;</li><li>les activités des professions libérales règlementées, à l’exception du secteur privé de la santé.&nbsp;</li></ul><span style="font-family: &quot;Google Sans&quot;;">Un décret détermine les conditions d’application du présent article et complète au besoin les secteurs d’activités exclus du présent Code.</span></div>	2026-05-20 00:06:47.279896+00	2026-05-20 00:06:47.279896+00
8a0ece5b-5390-4a09-893c-588a6371a7fb	78566a2d-bdc7-4f6f-954b-9e04c91a06f4	10c44003-da66-472f-ac13-e727e7bd9017	29	Accès aux zones économiques spéciales (ZES)	Il est ouvert la possibilité pour tout investisseur remplissant les conditions légales et règlementaires prévues à cet effet, de solliciter l'organe en charge de la promotion des investissements pour s'installer dans une zone économique spéciale (ZES).\nLe cas échéant, l'organe en charge de la promotion des investissements détermine le régime applicable à l'investisseur, conformément à la règlementation applicable aux zones économiques spéciales et aux dispositions du présent Code.\nLes entreprises titulaires d'une autorisation d'installation dans une zone économique spéciale peuvent bénéficier de baux emphytéotiques dans les conditions prévues par décret.	2026-05-20 09:35:52.315539+00	2026-05-20 09:35:52.315539+00
79548503-902a-4eb7-b719-506b2f320653	78566a2d-bdc7-4f6f-954b-9e04c91a06f4	10c44003-da66-472f-ac13-e727e7bd9017	31	Digitalisation des procédures administratives liées à l'investissement	Il est mis en place une plateforme numérique, dont la gestion est confiée à l'organe en charge de la promotion des investissements.\nLa plateforme assure la mise à la disposition du public des informations pertinentes pour l'investissement, notamment les opportunités d'investissement au Sénégal, les conditions et procédures d'accès au foncier, les incitations et avantages liés à l'investissement ainsi que toutes les procédures y afférentes, de l'enregistrement à l'exploitation.\nLa plateforme numérique est interconnectée aux systèmes d'informations des différentes administrations impliquées dans le processus d'octroi des avantages et de suivi des investissements et doit permettre la dématérialisation de l'ensemble des procédures se rapportant aux demandes d'agrément et d'approbation de listes de matériels, ainsi que l'accomplissement en ligne de toutes les formalités liées à la mise en œuvre des projets.\nLes modalités de gestion de la plateforme numérique sont définies par arrêté du Ministre chargé des Finances.	2026-05-20 09:37:01.770303+00	2026-05-20 09:37:01.770303+00
86a36c49-61c8-4d70-81c6-751c9add29f7	6cc3b5c0-f505-42f2-a746-1a5bb2869187	1625c22e-fc56-4530-b113-8f3e846e180f	33	Éligibilité au régime fiscal incitatif de droit commun	Toute petite et moyenne entreprise porteuse d'un projet d'investissement d'un montant supérieur ou égal à quinze (15) millions de francs CFA, qui s'engage à réaliser cet investissement dans un secteur défini et sur une durée d'exécution n'excédant pas trois (03) ans ou cinq (05) ans selon la région d'implantation du projet, est éligible au régime fiscal incitatif de droit commun, suivant les conditions déterminées par le Code général des Impôts.\nEn cas d'extension, le projet d'investissement de la petite et moyenne entreprise est éligible aux avantages particuliers du présent Code lorsque les nouveaux investissements à réaliser entrainent une augmentation de la capacité globale de production ou un accroissement de la valeur totale des actifs immobilisés, conformément au taux fixé par le présent Code.\nEn dehors de la petite et moyenne entreprise, tout investisseur porteur d'un projet d'investissement correspondant aux seuils et catégories prévus par le Code général des Impôts est éligible au régime fiscal incitatif de droit commun institué par ce Code.	2026-05-20 09:38:07.400813+00	2026-05-20 09:38:07.400813+00
c32baeb5-bf9c-4f38-8afe-4988e285ea71	6cc3b5c0-f505-42f2-a746-1a5bb2869187	1625c22e-fc56-4530-b113-8f3e846e180f	35	Stabilité des avantages fiscaux et douaniers	Il est garanti à l'investisseur que les incitations fiscales et douanières octroyées dans le cadre d'un agrément au présent Code ne seront pas modifiées pendant une période de trois (03) ans ou de cinq (05) ans selon le type d'agrément, à compter de la date de sa signature.\nToutefois, cette stabilité ne couvre que la période de réalisation des investissements et ne s'applique pas au-delà de la date de la première opération d'exploitation ou de production, qui est obligatoirement notifiée par l'investisseur à l'organe chargé de la promotion des investissements, au ministère chargé des Finances, à la Direction générale des Douanes et à la Direction générale des Impôts et des Domaines.\nCe droit à la stabilité des avantages fiscaux et douaniers est perdu par l'investisseur s'il fait défaut à l'obligation de notification de la première opération d'exploitation ou de production.	2026-05-20 09:39:06.684773+00	2026-05-20 09:39:06.684773+00
459d216f-7134-4fc9-9134-762026a3a50d	da7d3934-f41e-488a-b9af-9ae014deba42	\N	52	Situation des entreprises titulaires d'agréments délivrés sous le régime antérieur	Les agréments accordés avant l'entrée en vigueur du présent Code restent applicables jusqu'à leur terme ou la notification de démarrage de l'exploitation. Les entreprises titulaires desdits agréments peuvent également être admises, sur leur demande, au bénéfice du présent Code dans la mesure où elles remplissent les conditions fixées.\nLe cas échéant, la demande peut être faite dès l'entrée en vigueur de la présente loi.\nToutefois, l'investisseur ne peut cumuler les avantages du présent Code avec ceux découlant d'un agrément délivré sous l'empire de l'ancien Code des investissements.	2026-05-20 09:51:05.669101+00	2026-05-20 09:51:05.669101+00
3126d5b4-6186-4481-a47f-55ac2c01cde8	9b37bfc3-4153-4d47-8fae-7aa7dcc3014b	\N	51	Règlement des différends	Tout différend entre l'Etat et un investisseur en relation avec son investissement et résultant de l'interprétation ou de l'application du présent Code est préalablement soumis à un règlement à l'amiable, tel que la négociation, les bons offices, la médiation ou la conciliation.\nA défaut de règlement dans le cadre des mécanismes visés à l'alinéa précédent, les parties peuvent soumettre leurs différends aux juridictions sénégalaises compétentes, conformément aux lois et règlements en vigueur.\nLes parties peuvent recourir à l'arbitrage international, conformément aux traités et accords applicables.	2026-05-20 09:50:28.027734+00	2026-05-20 09:50:28.027734+00
e9927a49-49c8-4ae1-9531-700e73ea56b4	a85e7396-4141-4f3e-8de6-78e9263fed67	\N	49	Sanctions pour non-respect des conditions d'agrément	Le manquement par l'investisseur à tout ou partie des obligations qui lui incombent en vertu du présent Code, peut entraîner le retrait de l'agrément. Ce retrait est précédé d'un délai de grâce de trois (03) mois au maximum, au cours duquel l'investisseur est invité à régulariser sa situation. Pendant cette période de grâce, les avantages fiscaux et douaniers liés à l'agrément sont suspendus.\nSauf en cas de circonstances dûment justifiées, le retrait de l'agrément, une fois prononcé, rend immédiatement exigible le paiement des droits de douanes, des impôts et taxes qui ont été exonérés ou suspendus au profit de l'investisseur du fait de l'agrément, sans préjudice de poursuites judiciaires et autres sanctions encourues.\nLe retrait de l'agrément est prononcé par le Ministre chargé des Finances par écrit, sur proposition de l'organe en charge de la promotion des investissements ou du CTSI.\nLorsque les intérêts de l'Etat sont menacés, la décision de retrait de l'agrément est immédiatement prise par le Ministre chargé des Finances, sans délai de grâce.	2026-05-20 09:49:44.070954+00	2026-05-20 09:49:44.070954+00
2004f911-8e89-4a35-be04-f9440ec676c7	a85e7396-4141-4f3e-8de6-78e9263fed67	\N	48	Contrôle de conformité	Il pèse sur tout investisseur bénéficiant des avantages fiscaux et douaniers prévus par la présente loi une obligation de se soumettre au contrôle de conformité. L'investisseur doit fournir à l'organe en charge de la promotion des investissements et au ministère en charge des Finances, dans les quatre-vingt-dix (90) jours suivant la clôture de l'exercice fiscal, des informations précises permettant de vérifier l'effectivité de l'investissement agréé.	2026-05-20 09:49:22.772188+00	2026-05-20 09:49:22.772188+00
37d0a9b9-fe3a-4be1-ace7-226e63e28430	6e0ffcf6-81f2-4ec3-b1b2-65a8ac70d111	0c309c38-3820-46c7-9002-3ed351b928f3	46	Modalités d'octroi des avantages	Les types d'avantages fiscaux et douaniers à concéder sont repris dans une convention signée entre le Ministre chargé des Finances et l'investisseur. Ils sont corrélés au degré stratégique du projet d'investissement et constituent la contrepartie des impacts socio-économiques dudit projet au niveau communautaire ou territoriale.\nToutefois, dans les conditions fixées par décret, la signature des conventions portant sur certains investissements particuliers est nécessairement suivie d'une approbation du Président de la République.	2026-05-20 09:45:37.259326+00	2026-05-20 09:45:37.259326+00
4c8fbc8a-f0ce-4181-be26-8cfa6c6b2fcb	6e0ffcf6-81f2-4ec3-b1b2-65a8ac70d111	4267e79e-2454-4b6f-bba2-00d06a55fa98	44	Engagements de l'investisseur au titre de l'agrément d'investissement socialement responsable	L'investisseur éligible à l'agrément d'investissement socialement responsable applique une politique de contenu local, notamment par la création d'emplois, le recours à la sous-traitance et le transfert de technologies et de compétences.\n**1. Création d'emplois**\nL'investisseur socialement responsable emploie du personnel sénégalais en respectant, par catégorie, le quota minimal dans les conditions prévues par la législation du travail.\n**2. Sous-traitance**\nL'investisseur socialement responsable est tenu de sous-traiter avec des petites et moyennes entreprises locales, la réalisation de prestations, notamment les études de faisabilité technique du projet, les études d'impact environnemental et social, les études d'exécution ainsi que les travaux de réalisation du projet, sous réserve de la disponibilité de l'expertise au Sénégal.\n**3. Transfert de technologies et de compétences**\nL'investisseur socialement responsable présente à l'organe en charge de la promotion des investissements un plan de transfert des technologies et des compétences au profit des petites et moyennes entreprises.\nL'organe en charge de la promotion des investissements veille à l'exhaustivité et la précision dudit plan dans le programme d'investissement, lequel comporte au moins les éléments suivants :\n– la nature et le contenu de la technologie à transférer ;\n– le chronogramme des opérations de transfert sur la durée de l'investissement ;\n– le programme de formation et de transmission des connaissances et compétences pour la maîtrise des technologies transférées ;\n– le contrat d'assistance technique qui matérialise ce transfert de connaissances.\nLes technologies et compétences à transférer aux petites et moyennes entreprises doivent nécessairement être de qualité, afin d'apporter une plus-value réelle dans leur expertise et leur savoir-faire avec un fort impact dans leur valorisation et croissance. L'investisseur procède au transfert effectif de technologies et de connaissances, sous le contrôle de l'Organe en charge de la promotion des investissements.	2026-05-20 09:44:49.161756+00	2026-05-20 09:44:49.161756+00
af4ae55f-57fc-4f35-b630-81b51698e257	6e0ffcf6-81f2-4ec3-b1b2-65a8ac70d111	4267e79e-2454-4b6f-bba2-00d06a55fa98	43	Procédure d'attribution de l'agrément d'investissement socialement responsable	La demande d'attribution de l'agrément d'investissement socialement responsable (ISR) est adressée par l'investisseur au Ministre chargé des Finances, par l'entremise de l'organe en charge de la promotion des investissements.\nL'organe en charge de la promotion des investissements instruit la demande, qui doit comporter toutes informations permettant de mesurer l'impact socio-économique du projet. L'avis du comité d'agrément de l'Economie sociale et solidaire est sollicité. Ledit comité doit donner son avis dans un délai de dix (10) jours ouvrables à compter de sa saisine par l'organe chargé de la promotion des investissements.\nUn projet de convention, accompagné d'un programme d'investissement, est ensuite adressé au Ministre chargé des Finances pour décision, suivant la même procédure que celle qui s'applique aux investissements stratégiques. Le Ministre chargé des Finances peut demander la production d'informations supplémentaires pour mieux apprécier le caractère économique du projet. Il doit répondre dans un délai de trente (30) jours ouvrables, à compter de la transmission du dossier par l'organe chargé de la promotion des investissements et sous réserve que le dossier soit complet.\nL'organe en charge de la promotion des investissements publie, annuellement, les investissements bénéficiant du régime d'investissement socialement responsable.	2026-05-20 09:44:15.07716+00	2026-05-20 09:44:15.07716+00
\.

COMMIT;
