-- =============================================================================
-- Migration — Contenu « Modalités d'application » (export de la base locale)
-- Généré par scripts/export_code_contenu.sh — NE PAS éditer à la main.
-- Rejoue le contenu (chapitres/sections/articles) tel qu'édité en local.
-- =============================================================================
BEGIN;

-- Garantit la présence de la colonne 'contenu' (idempotent, sans effet si déjà là).
ALTER TABLE modalites_chapitres ADD COLUMN IF NOT EXISTS contenu TEXT;
ALTER TABLE modalites_sections  ADD COLUMN IF NOT EXISTS contenu TEXT;

-- On repart d'une table propre pour éviter les doublons (le PDF n'est pas touché).
DELETE FROM modalites_articles;
DELETE FROM modalites_sections;
DELETE FROM modalites_chapitres;

-- Chapitres
COPY public.modalites_chapitres (id, numero, titre, contenu, created_at, updated_at) FROM stdin;
b143bd9e-e71c-4cc0-852d-4c57e6563750	1	Dispositions générales	\N	2026-06-25 17:31:53.269332+00	2026-06-25 17:31:53.269332+00
15394b12-da20-4ef5-a179-3e13c3036fc4	2	Obligation d’enregistrement	\N	2026-06-25 17:33:05.364728+00	2026-06-25 17:33:05.364728+00
27c4afb2-3b64-43a6-8700-4c51640373d9	3	Agrément et validation des listes de biens, travaux et services	\N	2026-06-25 17:33:55.073302+00	2026-06-25 17:33:55.073302+00
3c62ce8b-6200-4bed-917e-3fc065dcbce4	4	Facilités et avantages non fiscaux	\N	2026-06-25 17:34:39.91624+00	2026-06-25 17:34:39.91624+00
a080bbf5-11db-472b-92e5-bfa53b370cbd	5	Prorogation du moratoire de paiement de la TVA suspendue	\N	2026-06-25 17:35:02.996429+00	2026-06-25 17:35:02.996429+00
ea61f32a-57c3-48c8-a369-407e62f7d0fb	6	Contenu local	\N	2026-06-25 17:35:14.877646+00	2026-06-25 17:35:14.877646+00
35fa8402-ff55-4207-83bb-5d1e19f4f90b	7	Procédure de sanction	\N	2026-06-25 17:35:30.860577+00	2026-06-25 17:35:30.860577+00
a27eab5d-4587-4d69-9ad5-d179f6e607f8	8	Dispositions finales	\N	2026-06-25 17:35:46.239535+00	2026-06-25 17:35:46.239535+00
\.

-- Sections
COPY public.modalites_sections (id, chapitre_id, numero, titre, contenu, created_at, updated_at) FROM stdin;
648042ca-2c97-480c-bc9b-b7d53a6a5c50	27c4afb2-3b64-43a6-8700-4c51640373d9	1	Dispositions communes	\N	2026-06-25 17:37:51.486913+00	2026-06-25 17:37:51.486913+00
e58e1dbb-7ff8-4667-9c5a-cb5daf2e9e73	27c4afb2-3b64-43a6-8700-4c51640373d9	2	Dispositions propres aux régimes particuliers d’investissement	\N	2026-06-25 17:42:01.021105+00	2026-06-25 17:42:01.021105+00
\.

-- Articles
COPY public.modalites_articles (id, chapitre_id, section_id, numero, titre, contenu, created_at, updated_at) FROM stdin;
784e76dd-66db-408c-8444-5585f4fc7812	b143bd9e-e71c-4cc0-852d-4c57e6563750	\N	1	Objet	Le présent décret fixe les modalités d’application de la loi n° 2025-16 du 27 septembre 2025 portant Code des Investissements.	2026-06-25 17:32:25.16566+00	2026-06-25 17:32:25.16566+00
1f652b36-3ff8-4f60-8719-8eb05d09a887	a27eab5d-4587-4d69-9ad5-d179f6e607f8	\N	42	Exécution	Le Ministre de l’Economie, du Plan et de la Coopération, le Ministre des Finances et du Budget, le Ministre de l’Industrie et du Commerce et le Ministre chargé du Travail sont chargés, chacun en ce qui le concerne, de l’exécution du présent décret qui sera publié au Journal officiel.	2026-06-25 17:48:42.190133+00	2026-06-25 17:48:42.190133+00
0cb113b4-5bdf-4099-87c2-339f07ad57c2	a27eab5d-4587-4d69-9ad5-d179f6e607f8	\N	41	Abrogation	Le présent décret abroge le décret n° 2004-627 du 07 mai 2004 portant application de la loi n° 2004-12 du 06 février 2004 portant Code des Investissements et toutes autres dispositions contraires.	2026-06-25 17:48:14.128772+00	2026-06-25 17:48:14.128772+00
2613b124-dbab-48a9-a519-fee5780a5fe0	15394b12-da20-4ef5-a179-3e13c3036fc4	\N	3	Répertoire des investisseurs	Tout investissement supérieur ou égal à quinze (15) millions de francs CFA est enregistré au répertoire des investisseurs tenu par l’organe en charge de la promotion des investissements.<div>Les personnes physiques ou morales accomplissent l’enregistrement à travers leur Numéro d’Identification des Entreprises et Associations (NINEA), qui sert de référence unique pour les démarches administratives liées à l’investissement.</div><div>Les informations fournies dans le cadre de cet enregistrement sont utilisées conformément aux dispositions légales et règlementaires sur la protection des données à caractère personnel.</div>	2026-06-25 17:36:58.861891+00	2026-06-25 17:36:58.861891+00
de41b50a-6e34-4c47-ab7d-a1cfc0476573	15394b12-da20-4ef5-a179-3e13c3036fc4	\N	5	Engagement des investisseurs	Après enregistrement, l’investisseur signe auprès de l’organe en charge de la promotion des investissements une lettre d’engagement, par laquelle il souscrit entre autres au respect des principes et obligations énoncés aux articles 16 à 19 de la loi n° 2025-16 du 27 septembre 2025 portant Code des Investissements, notamment :<div><ul class="dash-list"><li>la législation nationale et internationale applicable à l’investisseur ;</li><li>les principes et règles de protection de l’environnement ;</li><li>les principes et règles relatives à la probité et à l’éthique des affaires.</li></ul></div>	2026-06-25 17:37:35.608128+00	2026-06-25 17:37:35.608128+00
60b190e2-440b-4b0c-b0a8-3093f242381d	27c4afb2-3b64-43a6-8700-4c51640373d9	648042ca-2c97-480c-bc9b-b7d53a6a5c50	6	Conditions d’agrément	Le bénéfice de l’agrément est subordonné :<div><ul class="dash-list"><li>à la présentation d’un projet privé supérieur ou égal à quinze (15) millions de francs CFA ;</li><li>au dépôt d’un dossier complet auprès de l’organe en charge de la promotion des investissements, dans les formes et selon les modalités fixées par le présent décret ;</li><li>au paiement de frais de dossier dont le montant est fixé par arrêté conjoint du Ministre chargé des Finances et du Ministre chargé de l’Economie.</li></ul></div>	2026-06-25 17:38:08.053176+00	2026-06-25 17:38:08.053176+00
f2acfe2f-7cd4-4c22-b551-564e2d66cd5d	27c4afb2-3b64-43a6-8700-4c51640373d9	648042ca-2c97-480c-bc9b-b7d53a6a5c50	10	Modalités de dépôt	La demande d’agrément s’effectue à travers la plateforme numérique visée à l’article 24 du présent décret.<div>Elle peut aussi être effectuée par dépôt physique auprès de l’organe en charge de la promotion des investissements. La demande par dépôt physique fait ensuite l’objet d’une intégration numérique dans la plateforme dédiée.</div>	2026-06-25 17:39:29.52194+00	2026-06-25 17:39:29.52194+00
a93d49db-e0f3-4265-a8c7-1f4fb70d749b	27c4afb2-3b64-43a6-8700-4c51640373d9	648042ca-2c97-480c-bc9b-b7d53a6a5c50	11	Récépissé et recevabilité	A la réception d’un dossier complet et conforme, l’organe en charge de la promotion des investissements délivre un récépissé de dépôt et notifie la suite réservée à la demande dans un délai maximal de vingt (20) jours ouvrables, à compter de la date de délivrance dudit récépissé.	2026-06-25 17:39:46.942717+00	2026-06-25 17:39:46.942717+00
60b39c63-ffef-41b1-a017-e952107a8f89	27c4afb2-3b64-43a6-8700-4c51640373d9	648042ca-2c97-480c-bc9b-b7d53a6a5c50	13	Comité d’agrément	Il est institué, auprès de l’organe en charge de la promotion des investissements, un comité d’agrément. La composition, les attributions et le fonctionnement dudit comité sont déterminés par arrêté du Ministre chargé des Finances.	2026-06-25 17:40:16.239897+00	2026-06-25 17:40:16.239897+00
c6016b03-be3a-43f0-acc3-5aecb9447fec	35fa8402-ff55-4207-83bb-5d1e19f4f90b	\N	34	Principe général	Les investisseurs agréés au Code des Investissements sont tenus de respecter l’ensemble des obligations légales, réglementaires et conventionnelles qui leur incombent, notamment celles relatives à la réalisation effective des investissements, à la création d’emplois, à la protection de l’environnement, à la responsabilité sociétale des entreprises ainsi que les obligations administratives et comptables.<div>Tout manquement dûment constaté peut exposer l’investisseur à une suspension de l’agrément ou à son retrait.</div>	2026-06-25 17:46:33.278284+00	2026-06-25 17:46:33.278284+00
3f325fb7-1be9-44a1-ae86-51dbf32467d3	35fa8402-ff55-4207-83bb-5d1e19f4f90b	\N	35	Constat du manquement	Tout manquement aux obligations prévues peut être constaté par l’organe en charge de la promotion des investissements, le CTSI ou par toute autre administration compétente.<div>Le constat est notifié à l’investisseur par écrit, avec indication précise des faits reprochés et des obligations concernées, avec ampliation au CTSI.</div><div>L’investisseur dispose d’un délai de trente (30) jours à compter de la notification pour présenter ses observations écrites ou fournir tout document justificatif.</div>	2026-06-25 17:46:50.901006+00	2026-06-25 17:46:50.901006+00
b56248f4-d420-4de9-93a9-2283957e6ae2	35fa8402-ff55-4207-83bb-5d1e19f4f90b	\N	39	Cas de menace des intérêts de l’État	Lorsque les intérêts économiques ou financiers de l’État sont menacés de manière grave, le Ministre chargé des Finances peut, par décision dûment motivée, prononcer le retrait immédiat de l’agrément, sans mise en demeure préalable, ni délai de grâce.	2026-06-25 17:47:51.32725+00	2026-06-25 17:47:51.32725+00
f9cb176c-5dce-4e2d-b309-6311d63bda39	3c62ce8b-6200-4bed-917e-3fc065dcbce4	\N	23	Accords de facilitation	L’organe en charge de la promotion des investissements peut conclure des accords de facilitation avec les administrations, les établissements publics et les collectivités territoriales pour garantir la célérité et la transparence des procédures administratives requises dans la réalisation des projets d’investissement.	2026-06-25 17:43:43.921902+00	2026-06-25 17:43:43.921902+00
fddb95f3-d8ad-4f6e-aa09-969c3dc70b43	3c62ce8b-6200-4bed-917e-3fc065dcbce4	\N	28	Composition du dossier	Le dossier de demande d’accès au foncier comprend, notamment :<div><ul class="dash-list"><li>une demande adressée au Chef du Bureau des Domaines ou au Maire de la Commune, territorialement compétent ;</li><li>la fiche d’identification du projet d’investissement ;</li><li>le plan cadastral indiquant le Numéro d’Identification cadastral (NICAD) du terrain sollicité ;</li><li>l’étude de projet et les sources de financement ;</li><li>tout document attestant de la viabilité financière, économique et technique du projet.</li></ul></div>	2026-06-25 17:44:52.416722+00	2026-06-25 17:44:52.416722+00
bcb7c4f4-f087-4ed9-a7e2-509c02280133	b143bd9e-e71c-4cc0-852d-4c57e6563750	\N	2	Champ d’application	<blockquote style="margin: 0 0 0 40px; border: none; padding: 0px;"><div><b>1. Les secteurs exclus</b></div></blockquote><div>Les exclusions prévues à l’article 2 du Code des Investissements s’étendent au secteur des transports, à l’exception des activités de transport touristique.</div><div>Est considéré comme transport touristique, tout service ou moyen de déplacement utilisé pour le transport d’un touriste ou d’un groupe de touristes, dans le cadre d’un déplacement à des fins de loisirs, de découverte, de vacances ou d’affaires.</div><div>Les entreprises de transport touristique agréées dans ce cadre ne peuvent utiliser les biens acquis qu’aux fins exclusives de leurs activités de transport touristique. Toute utilisation à d’autres fins, notamment de transport public ordinaire, entraine le retrait de l’agrément et le remboursement des droits et taxes suspendus ou exonérés, sans préjudice des pénalités ou sanctions prévues par la règlementation en vigueur.</div><div>Les biens éligibles ainsi que les modalités d’éligibilité aux avantages du Code des Investissements pour les activités de transport touristique sont définis par arrêté du Ministre chargé des Finances.</div><div><blockquote style="margin: 0 0 0 40px; border: none; padding: 0px;"><div><b>2. Conditions d’éligibilité spécifiques à certains matériels ou régimes</b></div></blockquote>Les matériels placés sous le régime d’admission temporaire spéciale sont exclus du bénéfice du Code des Investissements pendant toute la durée de leur séjour dans ledit régime. Cependant, lorsque lesdits matériels font l’objet d’apurement définitif conformément au régime d’admission temporaire spéciale, ils peuvent à compter de cette date, être éligibles au Code des Investissements. Toutefois, le Ministre chargé des Finances peut, dans le cadre des conventions d’investissement, autoriser le bénéfice de l’admission temporaire spéciale. En aucun cas, la partie consommée relevant du régime d’admission temporaire spéciale ne peut être apurée en exonération ou en suspension des droits et taxes en vertu d’un agrément au Code des Investissements sous toutes ses formes, sauf dispositions contraires prévues par le Code des Douanes.</div><div>Les entreprises disposant d’un statut d’entreprise exonérée du fait de leur agrément à la zone A d’une Zone économique spéciale (ZES) ne sont pas éligibles au Code des Investissements.</div><div>Les matériels d’usine acquis en exonération dans le cadre de la construction de l’outil de production au titre d’un agrément à la ZES ne sont éligibles au Code des Investissements qu’en cas de cession sous-douane ou lorsque l’entreprise exonérée en ZES opte pour sa radiation dudit régime afin de réintégrer celui du Code des Investissements. Le cas échéant, la délivrance de l’agrément au Code des Investissements est subordonnée à l’abrogation ou au retrait préalable de l’agrément ZES.</div><div>L’agrément au Code des Investissements peut être délivré à une entreprise non exonérée établie dans la Zone B d’une ZES lorsque ses activités sont éligibles aux dispositions dudit Code.</div><div>Les matériels destinés à la construction de l’outil de production fabriqués au Sénégal par des entreprises ayant bénéficié dans le processus d’ouvraison de la suspension ou de l’exonération des droits et taxes, sont éligibles au Code des Investissements.</div>	2026-06-25 17:36:52.651358+00	2026-06-25 17:36:52.651358+00
146b3bfc-9f13-499c-b60b-7257126fd203	15394b12-da20-4ef5-a179-3e13c3036fc4	\N	4	Procédure d’enregistrement au répertoire des investisseurs	L’enregistrement s’effectue à travers la plateforme digitale de gestion des procédures administratives visée à l’article 24 du présent décret. Pour les besoins de l’enregistrement par voie numérique, un formulaire-type électronique accessible aux investisseurs est mis en ligne par l’organe en charge de la promotion des investissements.<div>Les investisseurs peuvent également s’enregistrer manuellement à travers un formulaire-type mis à disposition par l’organe en charge de la promotion des investissements.</div><div>En cas d’indisponibilité temporaire de la plateforme ou lorsque l’investisseur opte pour l’enregistrement manuel, l’organe en charge de la promotion des investissements procède, dans les meilleurs délais, à l’intégration des éléments et données de l’enregistrement manuel dans la plateforme numérique.</div><div>Le dossier de demande d’enregistrement comprend :</div><div><ul class="dash-list"><li>les éléments d’identification de l’entreprise, notamment :</li><ul><li>la dénomination ou la raison sociale ;</li><li>l’identité des dirigeants ;</li><li>l’objet social ;</li><li>la structure du capital ;</li><li>l’adresse du siège et la localisation du site d’exploitation ;</li><li>un extrait du registre de commerce et du crédit mobilier (RCCM) ;</li><li>les statuts certifiés conformes pour les sociétés ;</li><li>la copie certifiée conforme d’une pièce d’identité pour les entreprises individuelles ;</li><li>le Numéro d’Identification national des Entreprises et Associations NINEA ;</li></ul><li>la description des secteurs d’activités, des biens et/ou services fabriqués ou fournis ;</li><li>la nature et le coût du projet ;</li><li>les emplois existants et projetés ;</li><li>les autorisations administratives requises pour l’exercice de l’activité, le cas échéant.</li></ul><div>L’investisseur informe l’organe en charge de la promotion des investissements en cas de modification relative à sa situation juridique, financière ou opérationnelle.</div></div><div>Ledit organe prendra les dispositions pour la mise à jour de la base de données compte tenu des informations transmises.</div><div>L’enregistrement au répertoire est gratuit. Il donne lieu à la délivrance d’un récépissé électronique ou en version physique.</div><div>Le délai de traitement est de cinq (05) jours à compter de la réception du dossier complet. Le traitement des données s’effectue conformément à la règlementation en matière de protection des données à caractère personnel.</div>	2026-06-25 17:37:20.110487+00	2026-06-25 17:37:20.110487+00
112544d4-0cc5-4a5f-b0e5-abdf3d977d5e	27c4afb2-3b64-43a6-8700-4c51640373d9	648042ca-2c97-480c-bc9b-b7d53a6a5c50	7	Composition du dossier de demande de nouvel agrément	En cas de demande de nouvel agrément, le dossier comporte les pièces suivantes :<div><ul class="dash-list"><li>la lettre portant demande d’agrément adressée au Ministre chargé des Finances, par l’entremise de l’organe en charge de la promotion des investissements ;</li><li>un document portant sur la description du projet envisagé ;</li><li>un document d’évaluation de l’application du premier agrément, notamment en ce qui concerne l’exécution des engagements à la charge de l’investisseur ;</li><li>une copie du Registre du Commerce et du Crédit mobilier (RCCM) ;</li><li>une copie certifiée conforme des statuts pour les personnes morales ;</li><li>une copie certifiée conforme de la pièce d’identité dans le cas d’une entreprise individuelle ;</li><li>une copie du Numéro d’Identification national des Entreprises et Associations (NINEA) ;</li><li>un code Personne physique et morale (PPM) ;</li><li>les autorisations administratives sectorielles requises, le cas échéant ;</li><li>les justificatifs de la capacité à financer le projet ;</li><li>le titre d’occupation du terrain pour les projets agricoles, s’il y a lieu ;</li><li>les derniers états financiers, le quitus fiscal de moins de trois (03) mois, lorsque l’entreprise est immatriculée depuis plus d’un an ;</li><li>tout autre document transmis par le demandeur et utile à une meilleure connaissance de son projet.</li></ul></div><div>Lorsque les pièces visées au présent article sont déjà disponibles dans le répertoire des investisseurs, le promoteur n’est pas tenu de les fournir une seconde fois, sauf si lesdites pièces ont connu des évolutions ou changements.</div>	2026-06-25 17:38:28.366842+00	2026-06-25 17:38:28.366842+00
00930727-af64-4803-b840-e298c6c9b1a8	27c4afb2-3b64-43a6-8700-4c51640373d9	648042ca-2c97-480c-bc9b-b7d53a6a5c50	8	Composition du dossier de demande d’agrément d’extension	En cas de demande d’agrément d’extension pour augmentation de capacité de production, les pièces supplémentaires suivantes sont produites, en sus de celles prévues à l’article 7 du présent décret :<div><ul class="dash-list"><li>les justificatifs :</li><ul><li>de la réalisation des investissements prévus dans l’agrément précédent ;</li><li>du nombre et de la typologie des emplois créés ;</li><li>du paiement de la Taxe sur la Valeur ajoutée (TVA) suspendue, le cas échéant ;</li><li>du nombre de contrats de sous-traitance exécutés et les informations sur leur contenu, le cas échéant ;</li><li>de l’état d’exécution du plan de formation et de transfert de compétences, le cas échéant ;</li><li>des technologies transférées, accompagnés de leur récapitulatif et de leur description ainsi que des bénéficiaires, le cas échéant ;</li><li>de l’augmentation de capacité de production ou de la valeur des actifs immobilisés à hauteur de 25% ;</li></ul><li><span style="font-family: &quot;Google Sans&quot;;">un quitus douanier ;</span></li><li>une attestation de régularité sociale délivrée par les services de l’Administration du Travail.</li></ul></div><div>Lorsque l’agrément d’extension est sollicité pour l’achèvement des travaux d’investissement, le promoteur du projet est dispensé de la production des justificatifs visés à l’alinéa premier du présent article. Cependant, le promoteur est tenu de :</div><div><ul class="dash-list"><li>justifier le non-achèvement de la phase d’investissement dans les délais légaux ;</li><li>produire le récapitulatif des investissements réalisés ;</li><li>faire la situation des investissements supplémentaires permettant de boucler la phase de réalisation.</li></ul></div><div>Lorsque l’agrément d’extension concerne la rénovation ou l’acquisition de composantes industrielles, le demandeur fournit les informations requises. Les seuils et les secteurs d’activités concernés sont définis par arrêté du Ministre chargé des Finances.</div>	2026-06-25 17:38:47.835886+00	2026-06-25 17:38:47.835886+00
3716249a-5b78-4ca6-b3c7-3d0fb69946cc	27c4afb2-3b64-43a6-8700-4c51640373d9	648042ca-2c97-480c-bc9b-b7d53a6a5c50	9	Justification de la disponibilité du financement	Tout demandeur d’agrément au Code des Investissements est tenu de prouver la disponibilité de tout ou partie des fonds nécessaires à la réalisation de l’investissement projeté.<div>La preuve de la disponibilité des fonds peut être apportée par tout document bancaire, financier, contractuel ou tout autre document portant une valeur financière et attestant de l’existence des fonds destinés à financer les investissements projetés, qu’ils soient réalisés sur fonds propres, par emprunt ou par tout autre mécanisme régulier et licite de financement comme admis par les lois et règlement en vigueur.</div><div>Les fonds destinés à la réalisation de l’investissement agréé et en provenance de l’étranger sont obligatoirement rapatriés et domiciliés auprès d’institutions financières établies au Sénégal, conformément à la réglementation en vigueur.</div><div>Les modalités d’application du présent article sont précisées, au besoin, par arrêté du Ministre chargé des Finances.</div>	2026-06-25 17:39:12.645045+00	2026-06-25 17:39:12.645045+00
6433c83f-25b7-42a0-b17c-cf9cc28caf6b	27c4afb2-3b64-43a6-8700-4c51640373d9	648042ca-2c97-480c-bc9b-b7d53a6a5c50	12	Instruction	Les services de l’organe en charge de la promotion des investissements procèdent à l’instruction du dossier de la demande. En cas de besoin, ils peuvent organiser des visites de terrain ou s’entretenir avec le demandeur ou ses représentants.<div>Le dossier est ensuite transmis au comité d’agrément pour avis.</div>	2026-06-25 17:40:00.668774+00	2026-06-25 17:40:00.668774+00
f2261794-9c88-4b2a-bc64-1f14938bb195	27c4afb2-3b64-43a6-8700-4c51640373d9	648042ca-2c97-480c-bc9b-b7d53a6a5c50	14	Délivrance des agréments	Pour chaque projet, l’agrément est délivré en deux étapes :<div><ul class="dash-list"><li>un agrément pour la phase de réalisation des investissements, pouvant prendre la forme d’un nouvel agrément ou d’un agrément d’extension ;</li><li>un agrément pour la phase d’exploitation ou de production.</li></ul></div>	2026-06-25 17:40:31.191829+00	2026-06-25 17:40:31.191829+00
5898c538-80df-4387-8f05-7d6abeb0940e	27c4afb2-3b64-43a6-8700-4c51640373d9	648042ca-2c97-480c-bc9b-b7d53a6a5c50	16	Agrément d’extension pour la phase de réalisation des investissements	Lorsqu’une société nouvellement créée ou déjà existante étend sa capacité de production après avoir réalisé son précédent agrément, il peut lui être délivré un agrément d’extension, si elle en fait la demande.<div>L’augmentation de capacité de production est justifiée par la présentation :</div><div><ul class="dash-list"><li>d’un plan d’affaires détaillé du nouveau programme justifiant l’accroissement de capacité ;</li><li>des plans architecturaux et d’aménagement industriel relatifs au nouveau programme, le cas échéant ;</li><li>des listes de biens, travaux et services se rapportant au nouveau programme accompagnées des fiches techniques des machines ou installations.</li></ul><div>L’octroi de l’agrément d’extension pour augmentation de capacité de production est assujetti à la réalisation effective de l’investissement initialement agréé, sauf justification jugée satisfaisante par le Ministre chargé des Finances, après avis de l’organe en charge de la promotion des investissements.</div></div><div>L’agrément d’extension pour achèvement des travaux et installations d’investissement est autorisé, sous réserve de la production de justificatifs qui attestent objectivement du non bouclage des investissements dans les délais impartis.</div><div>La soumission d’une demande d’agrément d’extension pour augmentation de capacité, pour rénovation ou pour acquisition de composantes industrielles, est conditionnée à la justification par le promoteur que :</div><div><ul class="dash-list"><li>la notification de démarrage de l’exploitation ou de la production est régulièrement effectuée ;</li><li>l’agrément pour la phase d’exploitation est déjà délivré ;</li><li>le remboursement de la TVA suspendue est déjà effectif ou entamé, conformément aux délais légalement prévus.</li></ul></div><div>L’agrément d’extension pour modernisation et l’agrément d’extension pour acquisition de composantes industrielles visent la remise à niveau des équipements ou des installations de production de biens ou de services, conformément aux seuils et secteurs d’activités définis par arrêté du Ministre chargé des Finances.</div><div>L’agrément d’extension mentionne les références du ou des précédent(s) agrément(s) délivré(s).</div><div>Après la mise en œuvre de l’agrément d’extension pour augmentation de capacité, pour rénovation ou pour acquisition de composantes industrielles, l’entreprise produit un rapport d’achèvement faisant état :</div><div><ul class="dash-list"><li>du respect du programme, quel que soit le type d’extension ;</li><li>de l’augmentation effective de la capacité de production ou de la valeur des actifs immobilisés à hauteur de 25%, dans le cas d’une extension pour accroissement de capacité ;</li><li>de l’utilisation effective des équipements exonérés conformément à leur destination, quel que soit le type d’extension ;</li><li>de la situation globale des équipements remis à niveau ou modernisés en cas d’extension pour modernisation ou acquisition de composantes industrielles ;</li><li>de l’effectivité de la création d’emplois, le cas échéant.</li></ul></div>	2026-06-25 17:41:06.866281+00	2026-06-25 17:41:06.866281+00
6a32d81d-9e80-465f-8a84-05de26b2f8b8	27c4afb2-3b64-43a6-8700-4c51640373d9	648042ca-2c97-480c-bc9b-b7d53a6a5c50	15	Nouvel agrément pour la phase de réalisation des investissements	Le nouvel agrément pour la phase d’investissement est accordé par le Ministre chargé des Finances sous forme de lettre adressée au représentant légal de l’entreprise ou par la signature d’une convention entre le Ministre chargé des Finances et le représentant légal de l’entreprise. Dans ce cas, la convention est annexée à la décision d’agrément.<div>La durée de la réalisation des investissements est de trois (3) ans pour les projets exécutés dans les régions de Dakar et Thiès, et de cinq (5) ans pour les projets réalisés dans les autres parties du territoire national.</div><div>Le nouvel agrément reprend avec précision :</div><div><ul class="dash-list"><li>la filière dans laquelle les investissements projetés sont dirigés ;</li><li>le montant à investir ;</li><li>le nombre d’emplois à créer ;</li><li>les avantages non fiscaux et facilités, ainsi que les privilèges fiscaux et douaniers auxquels l’investisseur a droit durant la phase d’investissement ;</li><li>les engagements de l’investisseur, notamment l’engagement :</li><ul><li>d’investir le montant total agréé ;</li><li>de créer les emplois permanents annoncés ;</li><li>d’informer, à la fin de chaque année, le Ministre chargé des Finances et l’organe en charge de la promotion des investissements du niveau de réalisation du projet ;</li><li>de déclarer au Ministre chargé des Finances, à l’organe en charge de la promotion des investissements, à la Direction générale des Douanes et à la Direction générale des Impôts et des Domaines, la date de démarrage de l’exploitation ou de la production, en déposant le récapitulatif des investissements réalisés ;</li><li>de se conformer aux exigences environnementales prévues par le Code des Investissements ;</li><li>en cas de sous-traitance, de recourir à des entreprises de droit sénégalais, sous réserve de la disponibilité de l’expertise au niveau local ;</li><li>de réaliser des formations initiales et continues du personnel, sur la base d’un plan de formation, le cas échéant ;</li><li>de réaliser le transfert de compétences et de technologies au profit des employés sénégalais et des entreprises sénégalaises partenaires du promoteur à travers des joint-ventures, le cas échéant ;</li><li>de s’approvisionner, en priorité, en biens et services disponibles dans la production du marché intérieur ;</li><li>de fournir toute information sollicitée par une administration ou organisme public dans le cadre notamment de procédures de recensement, d’information, de collectes de données, sous réserve du respect du caractère confidentiel attaché à certaines informations.</li></ul></ul></div>	2026-06-25 17:40:49.164904+00	2026-06-25 17:40:49.164904+00
7ea153b2-fc37-4966-b395-09f1015892d2	27c4afb2-3b64-43a6-8700-4c51640373d9	648042ca-2c97-480c-bc9b-b7d53a6a5c50	17	Agrément pour la phase d’exploitation	A la notification de démarrage de l’exploitation ou de la production par le titulaire de l’agrément pour la phase d’investissement, il lui est délivré un agrément pour la phase d’exploitation dans un délai de dix (10) jours à compter de la date de cette notification.<div>La date de notification du démarrage de l’exploitation marque la date d’exigibilité de la Taxe sur la Valeur ajoutée (TVA) suspendue sur les acquisitions de biens, travaux et services ayant permis de réaliser la phase d’investissement du projet.</div><div>L’agrément pour la phase d’exploitation mentionne, notamment :</div><div><ul class="dash-list"><li>l’objet et les références de l’agrément pour la phase d’investissement ;</li><li>le montant agréé et celui réellement investi dans le cadre de l’agrément pour la phase d’investissement ;</li><li>les avantages sociaux auxquels l’investisseur a droit ;</li><li>les avantages fiscaux prévus au profit de l’investisseur, conformément au Code général des Impôts ;</li><li>l’engagement du titulaire de l’agrément de transmettre, à la fin de chaque année, au Ministre chargé des Finances, à l’organe en charge de la promotion des investissements et à la Direction générale des Impôts et des Domaines, la situation des investissements réalisés en phase d’exploitation ;</li><li>l’obligation pour l’investisseur de tenir une comptabilité régulière conforme au SYSCOHADA ;</li><li>l’engagement de se conformer aux règles environnementales prévues par le Code des Investissements ;</li><li>l’engagement de respecter les exigences du contenu local et de la responsabilité sociale des entreprises, conformément aux dispositions du Code des Investissements ;</li><li>l’engagement de se conformer à toutes les autres obligations liées à l’agrément et à celles prévues par le Code des Investissements.</li></ul></div>	2026-06-25 17:41:24.123403+00	2026-06-25 17:41:24.123403+00
3cca3bad-fac2-4c79-9994-d9abba45db39	27c4afb2-3b64-43a6-8700-4c51640373d9	e58e1dbb-7ff8-4667-9c5a-cb5daf2e9e73	19	Formalisation de l’agrément	Pour les régimes particuliers d’investissement, il est adossé à la décision d’agrément au Code des Investissements une convention signée entre le Ministre chargé des Finances et l’investisseur.<div>Ladite convention fixe, notamment :</div><div><ul class="dash-list"><li>l’objet de l’agrément ;</li><li>les engagements de l’investisseur, notamment en matière d’investissement, de création d’emplois, de contenu local, de responsabilité sociétale et environnementale ;</li><li>les avantages et facilités accordés, ainsi que les engagements de l’Etat ;</li><li>la durée et les modalités de suivi de l’agrément ;</li><li>les sanctions en cas de non-respect des engagements ou obligations ;</li><li>toute autre clause convenue entre les parties et qui est conforme aux dispositions légales et réglementaires en vigueur ;</li><li>les modalités de règlement des différends.</li></ul></div>	2026-06-25 17:42:15.707202+00	2026-06-25 17:42:15.707202+00
9ab8270c-db93-4c45-949d-5cd455214569	27c4afb2-3b64-43a6-8700-4c51640373d9	e58e1dbb-7ff8-4667-9c5a-cb5daf2e9e73	20	Pièces et documents complémentaires	En plus des pièces requises et de la procédure prévues à la section première du chapitre III du présent décret, l’investisseur joint à la convention :<div><ul class="dash-list"><li>une étude de faisabilité précisant notamment la rentabilité économique, l’impact social et environnemental du projet ;</li><li>une première liste de biens, travaux et services à acquérir localement ;</li><li>une première liste de biens à importer.</li></ul></div>	2026-06-25 17:42:30.446262+00	2026-06-25 17:42:30.446262+00
bbfe73db-d103-4471-8eac-06b5ff6b7c79	27c4afb2-3b64-43a6-8700-4c51640373d9	e58e1dbb-7ff8-4667-9c5a-cb5daf2e9e73	21	Validation des listes complémentaires	La validation des listes complémentaires de biens, travaux et services peut être subordonnée à une évaluation des travaux déjà effectués.<div>Le cas échéant, cette évaluation est faite par le Comité d’agrément de l’organe en charge de la promotion des investissements, sous la supervision des services concernés du Ministère en charge des Finances.</div>	2026-06-25 17:42:57.051403+00	2026-06-25 17:42:57.051403+00
c910a173-a164-492e-ac96-4ad54fca0fd9	27c4afb2-3b64-43a6-8700-4c51640373d9	648042ca-2c97-480c-bc9b-b7d53a6a5c50	18	Validation des listes de biens, travaux et services	La délivrance de l’agrément est suivie de la validation des listes de biens, travaux et services.<div>Les demandes d’approbation des listes de biens, travaux et services sont déposées au niveau de l’organe en charge de la promotion des investissements à travers la plateforme numérique. Elles peuvent également être déposées manuellement auprès de l’organe en charge de la promotion des investissements, qui intègre à la suite les éléments et données à la plateforme numérique.</div><div>Les listes à soumettre pour validation comportent des informations précises sur la nature des biens, travaux et services. Il est établi deux types de listes :</div><div><ul class="dash-list"><li>la liste des biens à importer, qui reprend leur nature, espèce tarifaire, quantité, valeur, origine ou provenance. Elle mentionne les taux et montants des droits et taxes exonérés ou suspendus. Les factures pro-forma relatives aux biens à importer sont jointes aux demandes d’approbation ;</li><li>la liste des biens, travaux et services, lorsque l’acquisition est faite sur le marché intérieur. Concernant les travaux et services, la liste est accompagnée des contrats de prestation et des factures y afférentes.</li></ul></div><div>A l’importation, les listes ne reprennent pas des biens faisant l’objet d’une production locale, dans les conditions déterminées par arrêté conjoint du Ministre chargé des Finances et du Ministre chargé de l’Industrie.</div><div>Lorsque les biens, travaux et services sont produits à partir du marché intérieur, ils peuvent être repris dans la liste pour le bénéfice de la suspension de la TVA.</div><div>Avant transmission au Ministre chargé des Finances, les projets de listes de biens, travaux et services font l’objet d’un visa pour avis favorable par les représentants des Directions générales des Douanes et des Impôts et des Domaines auprès de l’organe en charge de la promotion des investissements.</div><div>Conformément aux besoins justifiés par les entreprises, les biens, travaux et services éligibles sont :</div><div><ul class="dash-list"><li>les matériels, matériaux et équipements spécifiquement liés aux activités agréées ;</li><li>les travaux et services spécifiques, directement liés aux activités agréées ;</li><li>les pièces de rechange acquises durant la phase de réalisation des investissements, dans la limite de 10% de la valeur CAF des matériels agréés destinataires.</li></ul></div><div>Les biens, travaux et services bénéficiant des avantages du Code des Investissements au titre d’un agrément d’extension pour augmentation de capacité sont exclusivement destinés à la réalisation des nouveaux investissements en vue d’obtenir des capacités additionnelles productives. Ils ne peuvent être utilisés pour la rénovation, la réhabilitation ou la maintenance d’unités de production déjà mises en exploitation.</div><div>La durée de validité des listes de biens, travaux et services est intrinsèquement liée à celle de l’agrément. Par conséquent, l’expiration de l’agrément rend immédiatement caduques les listes s’y rapportant.</div>	2026-06-25 17:41:45.382671+00	2026-06-25 17:41:45.382671+00
43b6f5cf-4e0d-4835-b203-24c1ef13a413	ea61f32a-57c3-48c8-a369-407e62f7d0fb	\N	33	Engagements de l’investisseur en matière de contenu local	Les entreprises agréées aux régimes des investissements stratégiques et de l’investissement socialement responsable sont tenues de promouvoir le contenu local, notamment par :<div><ul class="dash-list"><li>l’utilisation prioritaire de biens et services produits localement lorsque ceux-ci sont disponibles en quantité, qualité et prix compétitifs ;</li><li>le recours à la main-d’œuvre nationale dans la limite des compétences disponibles sur le marché du travail ;</li><li>la mise en place de programmes de formation et de transfert de compétences et de technologies au profit des travailleurs nationaux ou des entreprises locales ;</li><li>le développement de partenariats avec les collectivités territoriales et les entreprises locales, en particulier les micro, petites et moyennes entreprises (MPME).</li></ul></div><div>Les exigences minimales de contenu local sont fixées par arrêté conjoint du Ministre chargé des Finances et du Ministre chargé de l’Economie.</div><div>Chaque investisseur bénéficiant des avantages du Code des Investissements soumet un plan de contenu local détaillant, le cas échéant :</div><div><ul class="dash-list"><li>la part prévue d’achats locaux ;</li><li>le nombre et les profils d’emplois nationaux à créer ;</li><li>les actions de formation, de transfert de compétences et de technologies envisagées ;</li><li>les partenariats envisagés avec des MPME sénégalaises et la collectivité ;</li><li>les activités à sous-traiter.</li></ul></div><div>Le plan de contenu local est joint au dossier de demande d’agrément et évalué par le Comité technique de Suivi des Investissement (CTSI).</div>	2026-06-25 17:46:11.848435+00	2026-06-25 17:46:11.848435+00
51a34ad1-7e96-4c19-940b-ebf2be0d8b0c	a080bbf5-11db-472b-92e5-bfa53b370cbd	\N	32	Conditions de prorogation	Lorsqu’une entreprise rencontre des difficultés de trésorerie l’empêchant de procéder au remboursement de la TVA suspendue dans le délai légalement prévu, malgré le démarrage de l’exploitation ou de la production dans le cadre d’un agrément au Code des Investissements, elle peut solliciter une prorogation dudit délai.<div>La demande est adressée au Ministre chargé des Finances. Elle est accompagnée des pièces justificatives suivantes :</div><div><ul class="dash-list"><li>une description claire des difficultés, avec les informations et documents les étayant ;</li><li>les états financiers certifiés de l’exercice en cours et du précédent ;</li><li>un état détaillé des dettes fiscales et douanières au moment de la demande ;</li><li>un rapport de conformité délivré par l’organe en charge de la promotion des investissements confirmant la poursuite du projet agréé et le maintien des emplois ;</li><li>tout document complémentaire dont la production est nécessaire à l’instruction.</li></ul></div><div>La durée du moratoire ne peut excéder 24 mois. La demande de prorogation visée par le présent article n’est pas suspensive du paiement de la TVA suspendue. Les autres modalités d’application du présent article sont précisées, au besoin par arrêté du Ministre chargé des Finances.</div>	2026-06-25 17:45:55.573748+00	2026-06-25 17:45:55.573748+00
81b60c26-e318-4d77-8159-4b2319b5b7fe	35fa8402-ff55-4207-83bb-5d1e19f4f90b	\N	36	Mise en demeure de régulariser	Si, à l’issue du délai de réponse, le manquement subsiste sans justification, l’investisseur est mis en demeure de se conformer à ses obligations dans un délai n’excédant pas trente (30) jours.<div>La mise en demeure doit indiquer les obligations, clauses et conditions d’investissement non respectées et informer le destinataire qu’à défaut de s’exécuter dans un délai d’un (1) mois à compter de sa réception, le Ministre chargé des Finances est saisi aux fins de suspension temporaire ou de retrait de l’agrément.</div>	2026-06-25 17:47:12.464398+00	2026-06-25 17:47:12.464398+00
c8b15ce2-7814-4e63-96c6-fce3331fe544	35fa8402-ff55-4207-83bb-5d1e19f4f90b	\N	37	Suspension temporaire	À l’expiration du délai de mise en demeure restée sans effet, le Ministre chargé des Finances, sur proposition de l’organe chargé de la promotion des investissements ou du CTSI, peut prononcer la suspension temporaire de l’agrément pour une durée maximale de trois (3) mois.<div>Pendant cette période, tous les avantages fiscaux, douaniers et non fiscaux attachés à l’agrément sont suspendus.</div><div>L’investisseur peut, à tout moment au cours de la période de suspension, solliciter la levée de la mesure en justifiant la régularisation effective de sa situation.</div>	2026-06-25 17:47:25.381097+00	2026-06-25 17:47:25.381097+00
19a22464-a6b3-4541-b8d1-0c9476a15626	35fa8402-ff55-4207-83bb-5d1e19f4f90b	\N	38	Retrait de l’agrément	Si, à l’issue du délai de suspension, le manquement demeure, le Ministre chargé des Finances peut prononcer le retrait définitif de l’agrément, par écrit, sur proposition de l’organe en charge de la promotion des investissements ou du CTSI.<div>Le retrait, une fois prononcé, rend immédiatement exigible le paiement des droits de douane, impôts et taxes ayant été exonérés ou suspendus au profit de l’investisseur, sans préjudice des poursuites judiciaires et autres sanctions prévues par la législation en vigueur.</div>	2026-06-25 17:47:37.710864+00	2026-06-25 17:47:37.710864+00
9df72e7e-230a-43e2-ae51-2dd6215e19a1	35fa8402-ff55-4207-83bb-5d1e19f4f90b	\N	40	Recours	Les décisions de suspension ou de retrait peuvent faire l’objet d’un recours administratif gracieux auprès du Ministre chargé des Finances dans un délai de quinze (15) jours à compter de leur notification. Lorsque l’investisseur n’obtient pas satisfaction, il peut introduire un recours contentieux devant les juridictions compétentes conformément à la législation en vigueur.	2026-06-25 17:48:01.786968+00	2026-06-25 17:48:01.786968+00
25b3ec1d-723f-437d-9324-98e764d1eac5	27c4afb2-3b64-43a6-8700-4c51640373d9	e58e1dbb-7ff8-4667-9c5a-cb5daf2e9e73	22	Conventions soumises à l’approbation du Président de la République	Les conventions d’investissement comportant des engagements exceptionnels de l’Etat, sont soumises à l’approbation du Président de la République.<div>Sont notamment concernés, les cas de figure suivants :</div><div><ul class="dash-list"><li>lorsque la convention prévoit des engagements de l’Etat sous forme d’accord direct ou d’accord Etat-hôte ;</li><li>lorsque la convention comporte une clause d’exclusivité, de monopole ou de quasi-monopole ;</li><li>lorsque l’investissement est impactant pour la défense ou la sécurité nationale ;</li><li>lorsque l’investissement confère à l’investisseur la réalisation et la gestion d’une infrastructure critique, notamment, un port, un aéroport, une autoroute, une ligne de chemins de fer ;</li><li>lorsque le projet est susceptible d’affecter substantiellement l’approvisionnement national en biens ou services essentiels ;</li><li>lorsque le projet porte sur des actifs numériques hautement stratégiques ;</li><li>lorsque le projet entraine un engagement fiscal, foncier, financier ou budgétaire exceptionnel de l’Etat.</li></ul></div>	2026-06-25 17:43:18.193689+00	2026-06-25 17:43:18.193689+00
ea958391-bf6b-4b0e-9a7c-f5532e70f2ce	3c62ce8b-6200-4bed-917e-3fc065dcbce4	\N	24	Plateforme numérique de gestion des procédures	La plateforme numérique instituée par les dispositions de l’article 31 du Code des Investissements est administrée par l’organe en charge de la promotion des investissements, sous le contrôle du Ministre chargé des Finances.<div>La plateforme doit être accessible aux investisseurs et assurer notamment les fonctionnalités suivantes :</div><div><ul class="dash-list"><li>la mise à disposition d’informations pertinentes sur les opportunités d’investissement au Sénégal et les régimes d’incitations ;</li><li>la gestion du répertoire national des investisseurs ;</li><li>la réception, l’instruction, la transmission et le suivi dématérialisé des dossiers d’agrément ;</li><li>le suivi électronique des avantages conférés à travers les agréments ;</li><li>le stockage et la production automatisés de statistiques sur les investissements ;</li><li>la transmission de données aux administrations concernées ;</li><li>l’interopérabilité avec les systèmes d’information des administrations intervenant dans la mise en œuvre et le suivi des projets d’investissement.</li></ul></div><div>Les autres modalités opérationnelles d’administration et de fonctionnement de la plateforme numérique sont fixées, au besoin, par arrêté du Ministre chargé des Finances.</div>	2026-06-25 17:43:56.607175+00	2026-06-25 17:43:56.607175+00
9f41d8fe-e143-4b7c-91cb-a5bed9689252	3c62ce8b-6200-4bed-917e-3fc065dcbce4	\N	25	Accès au financement pour la formation professionnelle	Les entreprises enregistrées au répertoire des investisseurs peuvent bénéficier d’un appui à la formation initiale et continue de leur personnel.<div>Les formations concernées doivent être exclusivement dédiées au personnel local et accessibles durant la phase d’exploitation.</div><div>Sauf disposition contraire de la réglementation en vigueur, l’appui prend la forme d’une prise en charge dont le plafond peut être égal ou supérieur à :</div><div><ul class="dash-list"><li>60% des frais de formation pour les investissements réalisés à Dakar ou Thiès ;</li><li>90% des frais de formation, pour les investissements réalisés en dehors de Dakar ou Thiès.</li></ul></div><div>Cet appui est réalisé par l’organisme en charge du Financement de la Formation professionnelle et technique, suivant les modalités définies dans la convention signée entre ledit organisme et l’organe en charge de la Promotion des Investissements.</div><div>Ladite convention est soumise à l’approbation du Ministre chargé des Finances. Elle précise notamment :</div><div><ul class="dash-list"><li>la procédure de dépôt du dossier de demande d’appui ;</li><li>la composition du dossier ;</li><li>le délai d’instruction du dossier ;</li><li>les types de formations éligibles ;</li><li>le mécanisme de suivi des engagements ;</li><li>les conditions additionnelles et sanctions prévues ;</li><li>toute autre clause utile à l’atteinte de l’objectif de formation.</li></ul></div><div>L’entreprise est tenue de maintenir en emploi, pendant au moins trois (3) ans, les personnels formés dans le cadre du présent dispositif.</div>	2026-06-25 17:44:11.715516+00	2026-06-25 17:44:11.715516+00
f7d3dcad-344a-41d2-9c8a-a657db70cc34	3c62ce8b-6200-4bed-917e-3fc065dcbce4	\N	26	Accès au foncier	Il est institué une procédure spéciale pour le traitement diligent des demandes d’accès au foncier relevant du domaine de l’État ou du domaine national, formulées dans le cadre d’un projet d’investissement.<div>Le foncier affecté doit servir exclusivement à la réalisation du projet d’investissement agréé, à l’exclusion de toute autre destination.</div><div>Toutefois, en cas d’évolution importante du programme d’investissement nécessitant un changement de destination, l’investisseur peut soumettre une nouvelle demande de modification de destination suivant les mêmes formes que pour l’instruction initiale.</div><div>L’accès au foncier pour les projets d’investissement agréés nécessite l’obtention du visa de localisation délivré par l’organisme national en charge de l’aménagement du territoire.</div><div>Un arrêté du Ministre chargé des Finances, précise, en cas de nécessité, les modalités d’application du présent article.</div>	2026-06-25 17:44:24.819552+00	2026-06-25 17:44:24.819552+00
216ec7ee-348f-4b96-b900-515e80f003aa	3c62ce8b-6200-4bed-917e-3fc065dcbce4	\N	27	Guichet unique de réception des demandes	Les demandes d’accès au foncier peuvent être déposées auprès de l’organe en charge de la promotion des investissements, agissant en qualité de Guichet unique de l’investissement, assurant la centralisation des procédures d’appui et de facilitation des investissements.<div>Après réception de la demande d’accès au foncier et vérification de forme, l’organe en charge de la promotion des investissements transmet le dossier complet aux services de l’Etat compétents en matière foncière, dans un délai de trois (03) jours ouvrables à compter de la date de dépôt.</div><div>Il est dressé, chaque année, par l’organe en charge de la promotion des investissements, un rapport retraçant :</div><div><ul class="dash-list"><li>la situation des demandes reçues et le traitement qui leur a été réservé ;</li><li>le niveau de mise en œuvre des projets ayant bénéficié du foncier d’investissement ;</li><li>les recommandations d’amélioration.</li></ul></div>	2026-06-25 17:44:38.835163+00	2026-06-25 17:44:38.835163+00
2578166f-674a-4104-9b17-2499e23feeab	3c62ce8b-6200-4bed-917e-3fc065dcbce4	\N	29	Délai d’instruction	Lorsqu’il s’agit d’une demande de bail, les délais d’instruction sont fixés comme suit :<div><ul class="dash-list"><li>dix (10) jours pour la saisine des services techniques par le Chef du Bureau des Domaines, à compter de la date de réception de la demande ;</li><li>quarante (40) jours pour l’instruction du dossier par les services techniques, notamment ceux du Cadastre et de l’Urbanisme, à compter de leur saisine par le Chef du Bureau des Domaines ;</li><li>quinze (15) jours pour la transmission du rapport d’instruction par le Chef du Bureau des Domaines au Directeur des Domaines ;</li><li>quinze (15) jours pour la soumission du dossier à la Commission de Contrôle des Opérations domaniales (CCOD) par le Directeur des Domaines. Compte tenu du besoin de célérité dans le traitement des demandes d’assiette foncière se rapportant aux projets d’investissements, le Directeur des Domaines saisit la CCOD suivant la procédure d’urgence par consultation à domicile.</li></ul></div><div>Lorsqu’il s’agit d’une demande d’attribution adressée au Maire d’une Commune, ce dernier et le représentant de l’Etat s’assurent de l’inscription de la demande à l’ordre du jour de la prochaine session du conseil municipal. En cas de besoin, le représentant de l’Etat demande au Maire de convoquer une session extraordinaire.</div><div>Après délibération favorable du conseil municipal, le représentant de l’Etat, saisi par le Maire, dispose d’un délai de vingt (20) jours pour l’approbation de l’acte d’affectation foncière.</div>	2026-06-25 17:45:03.47277+00	2026-06-25 17:45:03.47277+00
8d753ca3-0f28-4806-9352-16164c714cd5	3c62ce8b-6200-4bed-917e-3fc065dcbce4	\N	30	Baux emphytéotiques dans les Zones économiques spéciales (ZES)	L’Administrateur des ZES peut attribuer aux investisseurs titulaires d’une autorisation d’installation des baux emphytéotiques ne dépassant pas 25 ans sur des terrains de ladite zone, lorsque le foncier est un titre privé immatriculé au nom de l’organe en charge de la promotion des investissements.<div>La demande d’attribution est déposée auprès de l’Administrateur des ZES sous forme d’un dossier unique de demande d’autorisation d’installation et de bail, conformément à la procédure prévue par la règlementation en vigueur dans les ZES.</div><div>L’Administrateur instruit la demande dans un délai n’excédant pas vingt-cinq (25) jours ouvrables.</div>	2026-06-25 17:45:20.011073+00	2026-06-25 17:45:20.011073+00
9e09f2fe-f949-4352-bbe9-312cdd21f881	3c62ce8b-6200-4bed-917e-3fc065dcbce4	\N	31	Baux emphytéotiques dans les zones aménagées pour l’investissement (ZAI)	Tout investisseur désireux de créer une ZAI peut saisir l’organe en charge de la promotion des investissements pour assistance en vue de l’obtention d’un bail emphytéotique.<div>L’attribution de terrains dans les ZAI peut se faire sous forme de bail emphytéotique d’une durée inférieure ou égale à 25 ans, délivré par l’organe en charge de la promotion des investissements, lorsque le foncier en question est un titre privé immatriculé au nom dudit organe.</div><div>Lorsque la ZAI se trouve sur une assiette foncière non immatriculée au nom de l’organe en charge de la promotion des investissements, ce dernier apporte son assistance à l’investisseur en vue de l’obtention d’un bail emphytéotique dont la durée ne peut excéder 25 ans.</div><div>L’obtention d’un bail emphytéotique dans les zones aménagées pour l’investissement est conditionnée à la validation préalable du programme d’investissement.</div>	2026-06-25 17:45:40.077319+00	2026-06-25 17:45:40.077319+00
\.

COMMIT;
